Course Code,Course Name,Short Name,Short Name Alt,Section,Section URL,Call Number,Points,Day/Time,Location,Enrollment,Notes,Instructor,Type,Method of Instruction,Course Description,Number,Division,Open To,Section key
ACCTB8007,Spring 2026 Accounting B8007 section 001,Financial Planning & Analysis,Financial Planning & Anal,001,https://doc.sis.columbia.edu/subj/ACCT/B8007-20261-001/,14501,1.5,MW 9:00am-10:30am 820 Kravis Hall,,"31 students (74 max) as of 11:06AM Monday, April 27, 2026",,Tim Baldenius,LECTURE,In-Person,"This course explores the use of financial information for internal planning, analysis, and decision-making. The main objective of the course is to equip you with the knowledge to understand, evaluate, and act upon the many financial and non-financial reports used in managing modern firms. Managing any modern firm requires information about the firm’s products, processes, assets, and customers. This information is a key input into a wide range of decisions: analyzing profitability of various products, managing product-line portfolios, setting prices, measuring and managing profitability of customers, making operational and strategic decisions, evaluating investments, guiding improvement efforts, and so on. The focus of this course is on modern internal-reporting systems. We will discover that many firms do not provide their managers with useful information; we will see numerous examples of value destruction and bankruptcies caused by this. We will also investigate some modern ideas in how an organization’s internal information system should be designed to enhance value creation; and we will see how world-class firms take advantage of their competitors’ internal-reporting mistakes. To attain the right level of understanding, we will briefly explore the mechanics of the many techniques used to prepare internal reports. But the emphasis in this course is very much on interpretation, evaluation, and decision-making. We will examine the following key topics: Designing managerial information systems to support an organization’s strategy. Determining which financial and non-financial metrics are necessary for success in various competitive environments. Evaluating profitability of products, services, assets, and customers. The capabilities and the limitations of various reporting systems in guiding value-maximization, cost-control, and improvement efforts. The limitations of traditional cost-estimation systems. Activity-based costing and activity-based management. Estimating and managing the costs of capacity resources. Relevant costs and relevant revenues in business decisions. The information necessary to evaluate long-term business decisions. The incentives created by various performance-evaluation techniques.",B8007,School of Business,"Business, Engineering:Graduate, SIPA, Journalism",20261ACCT8007B001
ACCTB8007,Spring 2026 Accounting B8007 section 002,Financial Planning & Analysis,Financial Planning & Anal,002,https://doc.sis.columbia.edu/subj/ACCT/B8007-20261-002/,14502,1.5,MW 10:50am-12:20pm 820 Kravis Hall,,"60 students (74 max) as of 11:06AM Monday, April 27, 2026",,Tim Baldenius,LECTURE,In-Person,"This course explores the use of financial information for internal planning, analysis, and decision-making. The main objective of the course is to equip you with the knowledge to understand, evaluate, and act upon the many financial and non-financial reports used in managing modern firms. Managing any modern firm requires information about the firm’s products, processes, assets, and customers. This information is a key input into a wide range of decisions: analyzing profitability of various products, managing product-line portfolios, setting prices, measuring and managing profitability of customers, making operational and strategic decisions, evaluating investments, guiding improvement efforts, and so on. The focus of this course is on modern internal-reporting systems. We will discover that many firms do not provide their managers with useful information; we will see numerous examples of value destruction and bankruptcies caused by this. We will also investigate some modern ideas in how an organization’s internal information system should be designed to enhance value creation; and we will see how world-class firms take advantage of their competitors’ internal-reporting mistakes. To attain the right level of understanding, we will briefly explore the mechanics of the many techniques used to prepare internal reports. But the emphasis in this course is very much on interpretation, evaluation, and decision-making. We will examine the following key topics: Designing managerial information systems to support an organization’s strategy. Determining which financial and non-financial metrics are necessary for success in various competitive environments. Evaluating profitability of products, services, assets, and customers. The capabilities and the limitations of various reporting systems in guiding value-maximization, cost-control, and improvement efforts. The limitations of traditional cost-estimation systems. Activity-based costing and activity-based management. Estimating and managing the costs of capacity resources. Relevant costs and relevant revenues in business decisions. The information necessary to evaluate long-term business decisions. The incentives created by various performance-evaluation techniques.",B8007,School of Business,"Architecture, Schools of the Arts, Business, Columbia College, Engineering:Undergraduate, Engineering:Graduate, GSAS, General Studies, SIPA, Journalism, Law, Public Health, Professional Studies, Social Work",20261ACCT8007B002
ACCTB8008,Spring 2026 Accounting B8008 section 001,Earnings Quality & Fundamental,Earnings Quality & Fundam,001,https://doc.sis.columbia.edu/subj/ACCT/B8008-20261-001/,14675,3,MW 2:20pm-3:50pm 840 Kravis Hall,,"69 students (74 max) as of 11:06AM Monday, April 27, 2026",,Doron Nissim,LECTURE,In-Person,"Financial reporting provides a window into the operational and financial workings of a company. However, translating this information into actionable insights is anything but straightforward. It requires an understanding of: Generally Accepted Accounting Principles (GAAP), the quality of financial information, and the adjustments and analyses used to assess profitability, risk, growth, and value. The course starts with a short review of financial reporting and then focuses on various modules of fundamental analysis, including earnings quality analysis, performance evaluation, risk assessment, forecasting, and valuation. The remaining class meetings (approximately 14 out of 24) are devoted to a deeper dive into the reporting and analysis of key transactions (e.g., business combinations, leasing) and financial statement line items (e.g., revenue, income taxes). To allow for dynamic progress, the class schedule is flexible: Topic Approximate # of class meetings 1. Review of financial reporting 2 2. Financial statement analysis 4 3. Forecasting and valuation 4 4. Revenue and related items 2 5. Operating capacity 3 6. Estimated items 3.5 7. Financial instruments 2 8. Investments in businesses 2.5 9. Equity and related items 1 Total 24 While the course covers the theoretical underpinning of the various analyses, it focuses on implementation and practical uses. We will study many actual financial disclosures and cases of accounting abuses, and we will conduct fundamental-based valuation and other financial analyses, including using Excel tools that will be provided to the students. Studying financial disclosures will help you better understand the underlying assumptions and accounting choices the firm made in arriving at its accounting numbers. This information can be used to make earnings quality adjustments to the accounting numbers to make them more consistent across time or more comparable across companies. Studying cases of accounting abuses will help you improve your ability to “read between the lines” and develop a set of red flags to look for in analyzing financial statements. The class also incorporates insights from practitioner and academic research. The primary objective of the course is to acquire a deep understanding of accounting information and how to intelligently use it in making investment, credit, and similar resource allocation decisions. Such knowledge is required of investors, consultants, analysts, banke",B8008,School of Business,"Business, Engineering:Graduate, Journalism",20261ACCT8008B001
ACCTB8008,Spring 2026 Accounting B8008 section 002,Earnings Quality & Fundamental,Earnings Quality & Fundam,002,https://doc.sis.columbia.edu/subj/ACCT/B8008-20261-002/,14674,3,MW 4:10pm-5:40pm 840 Kravis Hall,,"71 students (74 max) as of 11:06AM Monday, April 27, 2026",,Doron Nissim,LECTURE,In-Person,"Financial reporting provides a window into the operational and financial workings of a company. However, translating this information into actionable insights is anything but straightforward. It requires an understanding of: Generally Accepted Accounting Principles (GAAP), the quality of financial information, and the adjustments and analyses used to assess profitability, risk, growth, and value. The course starts with a short review of financial reporting and then focuses on various modules of fundamental analysis, including earnings quality analysis, performance evaluation, risk assessment, forecasting, and valuation. The remaining class meetings (approximately 14 out of 24) are devoted to a deeper dive into the reporting and analysis of key transactions (e.g., business combinations, leasing) and financial statement line items (e.g., revenue, income taxes). To allow for dynamic progress, the class schedule is flexible: Topic Approximate # of class meetings 1. Review of financial reporting 2 2. Financial statement analysis 4 3. Forecasting and valuation 4 4. Revenue and related items 2 5. Operating capacity 3 6. Estimated items 3.5 7. Financial instruments 2 8. Investments in businesses 2.5 9. Equity and related items 1 Total 24 While the course covers the theoretical underpinning of the various analyses, it focuses on implementation and practical uses. We will study many actual financial disclosures and cases of accounting abuses, and we will conduct fundamental-based valuation and other financial analyses, including using Excel tools that will be provided to the students. Studying financial disclosures will help you better understand the underlying assumptions and accounting choices the firm made in arriving at its accounting numbers. This information can be used to make earnings quality adjustments to the accounting numbers to make them more consistent across time or more comparable across companies. Studying cases of accounting abuses will help you improve your ability to “read between the lines” and develop a set of red flags to look for in analyzing financial statements. The class also incorporates insights from practitioner and academic research. The primary objective of the course is to acquire a deep understanding of accounting information and how to intelligently use it in making investment, credit, and similar resource allocation decisions. Such knowledge is required of investors, consultants, analysts, banke",B8008,School of Business,"Business, Engineering:Graduate, Journalism",20261ACCT8008B002
ACCTB8009,Spring 2026 Accounting B8009 section 001,Financial Statement Analysis a,Financial Statement Analy,001,https://doc.sis.columbia.edu/subj/ACCT/B8009-20261-001/,14673,3,W 9:00am-12:15pm 840 Kravis Hall,,"72 students (74 max) as of 11:06AM Monday, April 27, 2026",,Kalash Jain,LECTURE,In-Person,"This course will provide students with hands-on experience analyzing financial statements. Students will learn about the general tools, theoretical concepts, and practical valuation issues of financial analysis. By the end of the course, students should be comfortable using firms' financial statements (along with other information) to assess firm performance and make reasonable valuation estimates. Course content and organization In the first half of the course, we will develop a valuation framework that integrates a firm’s strategy, its financial performance, and the credibility of its accounting. The framework consists of the following steps: 1. Understand the firm’s strategy. We will assess the firm’s value proposition and identify its key value drivers and risks. 2. Accounting Analysis. We will assess earnings quality and evaluate whether the firm's accounting policies capture the underlying business reality. If not, we will adjust the accounting to eliminate GAAP issues and management biases. 3. Financial Analysis. We will evaluate current performance with accounting data and financial ratios. 4. Prospective Analysis: Forecasting. We will assess whether current firm performance is sustainable, and we will forecast future performance. In our forecasts, we will consider growth, profitability, and future competitive advantage. 5. Prospective Analysis: Valuation. We will convert our forecasts of future earnings and book values into an estimate of the firm’s current value. In the second half of the course, we will apply the above framework to a variety of business valuation contexts, including IPOs, mergers, and equity-investment analyses.",B8009,School of Business,"Business, Engineering:Graduate, Journalism",20261ACCT8009B001
ACCTB8009,Spring 2026 Accounting B8009 section 002,Financial Statement Analysis a,Financial Statement Analy,002,https://doc.sis.columbia.edu/subj/ACCT/B8009-20261-002/,14672,3,R 9:00am-12:15pm 490 Kravis Hall,,"66 students (74 max) as of 11:06AM Monday, April 27, 2026",,Kalash Jain,LECTURE,In-Person,"This course will provide students with hands-on experience analyzing financial statements. Students will learn about the general tools, theoretical concepts, and practical valuation issues of financial analysis. By the end of the course, students should be comfortable using firms' financial statements (along with other information) to assess firm performance and make reasonable valuation estimates. Course content and organization In the first half of the course, we will develop a valuation framework that integrates a firm’s strategy, its financial performance, and the credibility of its accounting. The framework consists of the following steps: 1. Understand the firm’s strategy. We will assess the firm’s value proposition and identify its key value drivers and risks. 2. Accounting Analysis. We will assess earnings quality and evaluate whether the firm's accounting policies capture the underlying business reality. If not, we will adjust the accounting to eliminate GAAP issues and management biases. 3. Financial Analysis. We will evaluate current performance with accounting data and financial ratios. 4. Prospective Analysis: Forecasting. We will assess whether current firm performance is sustainable, and we will forecast future performance. In our forecasts, we will consider growth, profitability, and future competitive advantage. 5. Prospective Analysis: Valuation. We will convert our forecasts of future earnings and book values into an estimate of the firm’s current value. In the second half of the course, we will apply the above framework to a variety of business valuation contexts, including IPOs, mergers, and equity-investment analyses.",B8009,School of Business,"Business, Engineering:Graduate, Journalism",20261ACCT8009B002
ACCTB8009,Spring 2026 Accounting B8009 section 003,Financial Statement Analysis a,Financial Statement Analy,003,https://doc.sis.columbia.edu/subj/ACCT/B8009-20261-003/,14671,3,R 2:20pm-5:35pm 870 Kravis Hall,,"71 students (74 max) as of 11:06AM Monday, April 27, 2026",,Kalash Jain,LECTURE,In-Person,"This course will provide students with hands-on experience analyzing financial statements. Students will learn about the general tools, theoretical concepts, and practical valuation issues of financial analysis. By the end of the course, students should be comfortable using firms' financial statements (along with other information) to assess firm performance and make reasonable valuation estimates. Course content and organization In the first half of the course, we will develop a valuation framework that integrates a firm’s strategy, its financial performance, and the credibility of its accounting. The framework consists of the following steps: 1. Understand the firm’s strategy. We will assess the firm’s value proposition and identify its key value drivers and risks. 2. Accounting Analysis. We will assess earnings quality and evaluate whether the firm's accounting policies capture the underlying business reality. If not, we will adjust the accounting to eliminate GAAP issues and management biases. 3. Financial Analysis. We will evaluate current performance with accounting data and financial ratios. 4. Prospective Analysis: Forecasting. We will assess whether current firm performance is sustainable, and we will forecast future performance. In our forecasts, we will consider growth, profitability, and future competitive advantage. 5. Prospective Analysis: Valuation. We will convert our forecasts of future earnings and book values into an estimate of the firm’s current value. In the second half of the course, we will apply the above framework to a variety of business valuation contexts, including IPOs, mergers, and equity-investment analyses.",B8009,School of Business,"Business, Engineering:Graduate, Journalism",20261ACCT8009B003
ACCTB8027,Spring 2026 Accounting B8027 section 001,Sustainability Reporting,,001,https://doc.sis.columbia.edu/subj/ACCT/B8027-20261-001/,14470,1.5,M 9:00am-12:15pm 870 Kravis Hall,,"32 students (50 max) as of 11:06AM Monday, April 27, 2026",,Aniket A Shah,LECTURE,In-Person,"Broadly speaking, the goal of this class is to provide students with both the theoretical and practical knowledge to understand the current challenges in accounting for firms’ ESG goals. In this rapidly evolving field, the course will be structured in four modules: - Module #1 reviews the need for sustainability accounting and provide an overview of the providers of ESG metrics and the limits of current aggregated ESG data. - Module #2 present various market-based mechanisms to create ESG standards - Module #3 discusses regulatory initiatives to create ESG information for listed firms - Module #4 departs from non-financial disclosure and discuss the limits of current accounting standards and introduce new developments to incorporate ESG characteristics into traditional financial statements. While ESG encompasses a vast body of topics, this class will draw examples and discuss about a diverse set of issues ESG, including carbon emissions, employees pay, employees labor-safety, and the role of consumers’ NGO, based on short examples or cases spanning different firms in different industries (e.g., wholesale, aviation) and different countries (e.g., USA, France, Japan). This half-term course is composed of a mix of lectures, cases and online or in-person interventions by high profile industry guest speakers. The lectures are motivated by (1) rigorous recent academic studies drawing from the accounting literature, but also borrowing from adjacent fields including economics, finance, law and strategy and (2) practitioners notes and examples. Who should take this course? Students should take this course if they are interested in ESG in general and/or if they expect to use disclosure of non-financial information in their career. This is particularly relevant for students who want to pursue careers in finance (e.g., investment banking) where firms’ ESG footprint is becoming a scrutinized factor in M&A or investment decisions in general, as well as students going to careers in consulting where corporate decisions will more and more be benchmark against their ESG implications. Please note that this course does not require students to have pre-existing knowledge about ESG.",B8027,School of Business,"Business, Journalism",20261ACCT8027B001
ACCTB8030,Spring 2026 Accounting B8030 section 001,LBO & Bankruptcy Transactions,LBO & Bankruptcy Transact,001,https://doc.sis.columbia.edu/subj/ACCT/B8030-20261-001/,14693,1.5,T 9:00am-12:15pm 890 Kravis Hall,,"21 students (50 max) as of 11:06AM Monday, April 27, 2026",,Radha Radhakrishna,LECTURE,In-Person,"The purpose of this course is to provide you with an overview of LBO strategies and to introduce you to restructuring and the bankruptcy process. During the course, you will learn how to build a basic financial model and adapt it for LBO transactions. This is an advanced and technical course. If reviewing arcane accounting and legal rules does not bring you joy, you are forewarned! You will see plenty of both in the course. During the course, we will learn to: 1. Build a basic integrated financial models (IS, BS and CFS) 2. Adapt the financial model to study the effect of LBO transactions 3. Study the impact of different deal structures, accounting choices, operating assumptions and financing decisions on firm value, liquidity, profitability, returns and other financial metrics. 4. Learn about alternative exit and restructuring strategies. 5. Understand the bankruptcy process – debt restructuring and fresh start models.",B8030,School of Business,"Business, Engineering:Graduate, Journalism",20261ACCT8030B001
ACCTB8030,Spring 2026 Accounting B8030 section 002,LBO & Bankruptcy Transactions,LBO & Bankruptcy Transact,002,https://doc.sis.columbia.edu/subj/ACCT/B8030-20261-002/,14692,1.5,T 6:00pm-9:15pm 620 Kravis Hall,,"36 students (50 max) as of 11:06AM Monday, April 27, 2026",,Radha Radhakrishna,LECTURE,In-Person,"The purpose of this course is to provide you with an overview of LBO strategies and to introduce you to restructuring and the bankruptcy process. During the course, you will learn how to build a basic financial model and adapt it for LBO transactions. This is an advanced and technical course. If reviewing arcane accounting and legal rules does not bring you joy, you are forewarned! You will see plenty of both in the course. During the course, we will learn to: 1. Build a basic integrated financial models (IS, BS and CFS) 2. Adapt the financial model to study the effect of LBO transactions 3. Study the impact of different deal structures, accounting choices, operating assumptions and financing decisions on firm value, liquidity, profitability, returns and other financial metrics. 4. Learn about alternative exit and restructuring strategies. 5. Understand the bankruptcy process – debt restructuring and fresh start models.",B8030,School of Business,"Business, Engineering:Graduate, Journalism",20261ACCT8030B002
ACCTB8122,Spring 2026 Accounting B8122 section 001,Accounting for Consultants,Accounting for Consultant,001,https://doc.sis.columbia.edu/subj/ACCT/B8122-20261-001/,14669,3,MW 9:00am-12:15pm 820 Kravis Hall,,"48 students (74 max) as of 11:06AM Monday, April 27, 2026",,Tim Baldenius,LECTURE,In-Person,"This elective course covers accounting tools useful to consultants, as well as for students with an interest in a firm’s finance function, general management, or private equity. There will be a particular focus on performance measurement and management. Performance measurement is a key determinant of success for today’s companies that sell a wide range of products and services to a wide range of customers differentiated in their needs. While financial accounting (GAAP) information is a useful shortcut toward gaining some understanding of a firm’s financial health, consultants and managers need a more solid understanding of the firm’s strategy and mission, as well as disaggregated information that helps assess how the firm is performing along its strategic objectives. There is overlap between this course and the half-semester course “Financial Planning & Analysis (FP&A)” course. This course expands on many of the concepts taught in FP&A and supplements them with industry insights and guest speakers. For this reason, this course is mutually exclusive with the elective course “B8007 – Financial Planning & Analysis”. If you have taken FP&A, you will not be able to enroll in this course for credit.  Please contact me immediately in case of such a conflict. The following specific topics will be addressed: • Profitability analysis to assess individual products • Customer relationship management using customer lifetime value (CLV) • Budgeting and variances • Performance evaluation for profit centers and investment centers • Performance-based pay: team incentives, relative performance evaluation, etc. • Corporate governance: the C-suite and the role of compensation consultants • The “War of Metrics”: Cash Flow, EVA, Balanced Scorecards, etc. • Innovative ways to deviate from GAAP rules to better measure value creation • Issues specific to multinational enterprises (MNEs), e.g., taxation • Industry-specific insights: performance measurement in key industries",B8122,School of Business,"Business, Engineering:Graduate, Journalism",20261ACCT8122B001
BUECB8216,Spring 2026 Business Economics B8216 section 001,ECONOMICS OF STRATEGIC BEHAVIOR,ECONOMICS OF STRATEGIC BE,001,https://doc.sis.columbia.edu/subj/BUEC/B8216-20261-001/,14660,3,TWRFS 9:00am-5:00pm 820 Kravis Hall,,"54 students (74 max) as of 11:06AM Monday, April 27, 2026",,Paola M Valenti,LECTURE,In-Person,"This course examines the underlying economics of successful business strategy: the strategic imperatives of competitive markets, the sources and dynamics of competitive advantage, managing competitive interactions, and the organizational implementation of business strategy. The course combines case discussion and analysis (approximately two thirds) with lectures (one third).  The emphasis is on the ability to apply a small number of principles effectively and creatively, not the mastery of detailed aspects of the theory.  The course offers excellent background for all consultants, managers and corporate finance generalists.",B8216,School of Business,"Business, Engineering:Graduate, Journalism",20261BUEC8216B001
BUECB8216,Spring 2026 Business Economics B8216 section 002,ECONOMICS OF STRATEGIC BEHAVIOR,ECONOMICS OF STRATEGIC BE,002,https://doc.sis.columbia.edu/subj/BUEC/B8216-20261-002/,14659,3,MW 2:20pm-3:50pm 820 Kravis Hall,,"37 students (50 max) as of 11:06AM Monday, April 27, 2026",,Paola M Valenti,LECTURE,In-Person,"This course examines the underlying economics of successful business strategy: the strategic imperatives of competitive markets, the sources and dynamics of competitive advantage, managing competitive interactions, and the organizational implementation of business strategy. The course combines case discussion and analysis (approximately two thirds) with lectures (one third).  The emphasis is on the ability to apply a small number of principles effectively and creatively, not the mastery of detailed aspects of the theory.  The course offers excellent background for all consultants, managers and corporate finance generalists.",B8216,School of Business,"Architecture, Schools of the Arts, Business, Columbia College, Dental Medicine , Engineering:Undergraduate, Engineering:Graduate, GSAS, General Studies, SIPA, Journalism, Law, Medicine, Public Health, Professional Studies, Social Work",20261BUEC8216B002
BUECB8216,Spring 2026 Business Economics B8216 section 003,ECONOMICS OF STRATEGIC BEHAVIOR,ECONOMICS OF STRATEGIC BE,003,https://doc.sis.columbia.edu/subj/BUEC/B8216-20261-003/,14661,3,MW 4:10pm-5:40pm 820 Kravis Hall,,"31 students (50 max) as of 11:06AM Monday, April 27, 2026",,Paola M Valenti,LECTURE,In-Person,"This course examines the underlying economics of successful business strategy: the strategic imperatives of competitive markets, the sources and dynamics of competitive advantage, managing competitive interactions, and the organizational implementation of business strategy. The course combines case discussion and analysis (approximately two thirds) with lectures (one third).  The emphasis is on the ability to apply a small number of principles effectively and creatively, not the mastery of detailed aspects of the theory.  The course offers excellent background for all consultants, managers and corporate finance generalists.",B8216,School of Business,"Architecture, Schools of the Arts, Business, Columbia College, Dental Medicine , Engineering:Undergraduate, Engineering:Graduate, GSAS, General Studies, SIPA, Journalism, Law, Medicine, Public Health, Professional Studies, Social Work",20261BUEC8216B003
BUECB8251,Spring 2026 Business Economics B8251 section 001,Financial Markets and the Macroeconomy,Financial Mrkts & the Mac,001,https://doc.sis.columbia.edu/subj/BUEC/B8251-20261-001/,14631,3,MW 2:20pm-3:50pm 520 GEFFEN HALL,,"67 students (74 max) as of 11:06AM Monday, April 27, 2026",,Frederic S Mishkin,LECTURE,In-Person,"The course is intended to help students understand the role that financial markets and monetary policy play in the global economic environment that they will have to face in the future. It also provides an understanding of the underlying institutions, both political and economic, that either make financial markets work well or that interfere with the efficient performance of these markets. The course develops a series of applications of principles from finance and economics that explore the connection between financial markets and the macro economy. In addition, given the instructor’s prior position as a governor of the Federal Reserve, the class also provides an inside view on how the most important players in financial markets, central banks, operate and how monetary policy is conducted. The course will have a strong international orientation by examining monetary policy and financial crises in many countries and possible reforms of the international financial system. We will also focus on current events reported in the financial press with an extensive and open-ended discussion of 20-30 30 minutes in every class in which we will use the analytic frameworks developed in class to help us to understand these developments.",B8251,School of Business,"Business, Engineering:Graduate, Journalism",20261BUEC8251B001
BUECB8251,Spring 2026 Business Economics B8251 section 002,Financial Markets and the Macroeconomy,Financial Mrkts & the Mac,002,https://doc.sis.columbia.edu/subj/BUEC/B8251-20261-002/,14632,3,MW 4:10pm-5:40pm 520 GEFFEN HALL,,"65 students (74 max) as of 11:06AM Monday, April 27, 2026",,Frederic S Mishkin,LECTURE,In-Person,"The course is intended to help students understand the role that financial markets and monetary policy play in the global economic environment that they will have to face in the future. It also provides an understanding of the underlying institutions, both political and economic, that either make financial markets work well or that interfere with the efficient performance of these markets. The course develops a series of applications of principles from finance and economics that explore the connection between financial markets and the macro economy. In addition, given the instructor’s prior position as a governor of the Federal Reserve, the class also provides an inside view on how the most important players in financial markets, central banks, operate and how monetary policy is conducted. The course will have a strong international orientation by examining monetary policy and financial crises in many countries and possible reforms of the international financial system. We will also focus on current events reported in the financial press with an extensive and open-ended discussion of 20-30 30 minutes in every class in which we will use the analytic frameworks developed in class to help us to understand these developments.",B8251,School of Business,"Business, Engineering:Graduate, SIPA, Journalism",20261BUEC8251B002
BUECB8255,Spring 2026 Business Economics B8255 section 001,FinTech: Consumer Financial Services,FinTech: Consumer Financi,001,https://doc.sis.columbia.edu/subj/BUEC/B8255-20261-001/,14461,3,W 2:20pm-5:35pm 620 Kravis Hall,,"73 students (74 max) as of 11:06AM Monday, April 27, 2026",,Stephen Zeldes,LECTURE,In-Person,"Technological innovation has been transforming the financial services industry, and further disruption is almost a certainty. Financial Technology (“FinTech”) start-ups are tackling many realms of consumer financial services, including mobile payments, foreign exchange, marketplace (peer-to-peer) lending, saving and investing, financial advice (robo-advisers), and property-casualty, health and life insurance. The goal of this course is to understand the economic and technological forces driving this change and to learn how to harness them in a responsible way. The curriculum is organized by product areas within consumer financial services, and for each area we’ll cover the underlying economics, the technology, the public policy issues, the competition, and the potential for collaboration between start-ups and the incumbents. Note that we will not cover in depth the topics of cryptocurrencies and blockchain - if these are your primary interests, there are other courses offered focusing specifically on these topics. A key component of the course is a collaborative team student project: each team will propose and develop a prototype for a new fintech venture. At the end of the semester each team will present its project to the class, and a guest from an NYC venture capital firm will join us and provide feedback.",B8255,School of Business,"Business, Engineering:Graduate, Journalism",20261BUEC8255B001
BUECB8263,Spring 2026 Business Economics B8263 section 001,Anti-Trust in the Modern Economy,Anti-Trust in the Modern,001,https://doc.sis.columbia.edu/subj/BUEC/B8263-20261-001/,14420,3,MW 10:50am-12:20pm 520 GEFFEN HALL,,"34 students (50 max) as of 11:06AM Monday, April 27, 2026",,Paola M Valenti,LECTURE,In-Person,"Are Google search practices anticompetitive? Should Facebook be broken up? Does Amazon have too much market power? The course will present the economic rationale for competition policy and provide students with an understanding of the practice of competition law.  Through the examination of prominent antitrust actions, we will review the economic theories underlying competition law and we will discuss how competition policy places limits on firm behavior and affects firm strategies and managerial choices. The course will start with an overview of the institutional framework of competition policy in the U.S. and in the E.U. and an economic analysis of welfare implications of market power. Then, it will address different types of actions that are the focus of competition policy enforcement: mergers, collusions, and unilateral conducts. These actions will be analyzed through the study of well-known antitrust actions in the U.S. and in the E.U. In particular, the course will focus on recent cases in the digital economy.",B8263,School of Business,"Architecture, Schools of the Arts, Business, Columbia College, Dental Medicine:Post-Grad, Dental Medicine , Engineering:Undergraduate, Engineering:Graduate, GSAS, General Studies, SIPA, Journalism, Medicine, Nursing, Public Health, Professional Studies, Social Work",20261BUEC8263B001
BUECB8315,Spring 2026 Business Economics B8315 section 001,Game Theory and Business,,001,https://doc.sis.columbia.edu/subj/BUEC/B8315-20261-001/,14657,1.5,TR 9:00am-10:30am 570 GEFFEN HALL,,"40 students (50 max) as of 11:06AM Monday, April 27, 2026",,Alessandro Citanna,LECTURE,In-Person,"In most business circumstances, managers and organizations take decisions that affect each other. We call such situations games."" Game Theory provides a framework for analyzing and predicting behaviors and outcomes in situations of strategic interaction. The goal of this course is to provide students with the essential tools of game theory, and demonstrate their use by applying them to a variety business situations and cases.""",B8315,School of Business,"Business, Engineering:Graduate, Journalism",20261BUEC8315B001
BUECB8315,Spring 2026 Business Economics B8315 section 002,Game Theory and Business,,002,https://doc.sis.columbia.edu/subj/BUEC/B8315-20261-002/,14658,1.5,TR 10:50am-12:20pm 570 GEFFEN HALL,,"45 students (50 max) as of 11:06AM Monday, April 27, 2026",,Alessandro Citanna,LECTURE,In-Person,"In most business circumstances, managers and organizations take decisions that affect each other. We call such situations games."" Game Theory provides a framework for analyzing and predicting behaviors and outcomes in situations of strategic interaction. The goal of this course is to provide students with the essential tools of game theory, and demonstrate their use by applying them to a variety business situations and cases.""",B8315,School of Business,"Business, Engineering:Graduate, Journalism",20261BUEC8315B002
BUECB8366,Spring 2026 Business Economics B8366 section 001,The Media Industries: Public P,The Media Industries: Pub,001,https://doc.sis.columbia.edu/subj/BUEC/B8366-20261-001/,14676,3,M 2:20pm-5:35pm 570 GEFFEN HALL,,"37 students (48 max) as of 11:06AM Monday, April 27, 2026",,Jonathan A Knee,LECTURE,In-Person,"The course is designed to introduce law and business students to the unusual regulatory and business conditions and challenges in the media industries. A variety of topics are covered including intellectual property, the history and structure of the media industries, communications regulation, strategies of integration and consolidation and patterns of innovation in the media industry.",B8366,School of Business,"Business, Engineering:Graduate, Journalism",20261BUEC8366B001
BUECB8498,Spring 2026 Business Economics B8498 section 001,Mergers & Acquisitions in Medi,Mergers & Acquisitions in,001,https://doc.sis.columbia.edu/subj/BUEC/B8498-20261-001/,14453,3,T 2:20pm-5:35pm 410 Kravis Hall,,"36 students (36 max) as of 11:06AM Monday, April 27, 2026",,Jonathan A Knee,LECTURE,In-Person,"The course is an advanced Mergers & Acquisitions Seminar that focuses on current trends and recent developments in the media industry. The course will be divided into two parts. Each week during Part I will be devoted to the analysis of a different recent media transaction. The pedagogic framework is not structurally different from traditional M&A analysis. The overlay of mediaspecific commercial, strategic and regulatory issues will provide additional insight into a particularly dynamic segment of the economy. Each week will focus on a different transaction type (e.g., cash divesture, cash acquisition, stock merger etc.) different media industry sub-sector (e.g., cable, newspapers, broadcasting etc.) and different aspects of the analytical framework (e.g., financial analysis, corporate governance etc.) Part II will be devoted to group board presentations of hypothetical transactions. Groups must be formed and have their hypothetical transaction approved by the instructor by week 4 of the course. Course grades will be primarily based on the quality of written materials and presentations by the group. Each group member will receive the same grade on their project. 20% of the course grade will be on based on individual weekly homework assignments. Outside speakers/board members with first-hand knowledge of the industries and transactions considered will participate during both Part I and Part II of the course.",B8498,School of Business,"Business, Engineering:Graduate, Journalism",20261BUEC8498B001
BUECB9211,Spring 2026 Business Economics B9211 section 001,(PhD) Economic Theory IV,,001,https://doc.sis.columbia.edu/subj/BUEC/B9211-20261-001/,14724,1.5,MW 6:00pm-7:30pm 380 GEFFEN HALL,,"6 students (25 max) as of 11:06AM Monday, April 27, 2026",,Paolo Siconolfi,SEMINAR,In-Person,,B9211,School of Business,Business,20261BUEC9211B001
BUSIB8705,Spring 2026 Business B8705 section 001,Business and Climate Change,Business and Climate Chan,001,https://doc.sis.columbia.edu/subj/BUSI/B8705-20261-001/,14680,1.5,R 9:00am-1:00pm 690 Kravis Hall,,"68 students (74 max) as of 11:06AM Monday, April 27, 2026",,Gernot Wagner,LECTURE,In-Person,"Climate science informs us that global emissions of greenhouse gas emissions must be rapidly and dramatically reduced if humanity is to avoid catastrophic climate change. After three centuries of rising emissions, the entire global economy must now decarbonize in the coming three decades. Fortunately, most of the technologies and investment capital necessary to reduce and eventually eliminate emissions exist or are in development, but the urgency to implement those solutions is critical. This course provides an overview of climate change, its effects on business, and how businesses can (and should) respond. The course covers emissions sources and their impact on climate change, followed by an exploration of the policy landscape, including current legislation, carbon markets, and climate justice. The course then evaluates current and evolving mitigation technologies, reviews the tools of climate finance, and considers strategies for reducing emissions to net zero. Finally, the course introduces the role of businesses in addressing climate change, including net-zero goals, actions they can take to mitigate their impact, and the perspectives of shareholders. Throughout the course, the business case for climate action is emphasized, highlighting the economic benefits of taking action to address climate change.",B8705,School of Business,"Business, Engineering:Graduate, Journalism",20261BUSI8705B001
BUSIB8705,Spring 2026 Business B8705 section 002,Business and Climate Change,Business and Climate Chan,002,https://doc.sis.columbia.edu/subj/BUSI/B8705-20261-002/,14679,1.5,M 9:00am-12:15pm 620 GEFFEN HALL,,"67 students (74 max) as of 11:06AM Monday, April 27, 2026",,Gernot Wagner,LECTURE,In-Person,"Climate science informs us that global emissions of greenhouse gas emissions must be rapidly and dramatically reduced if humanity is to avoid catastrophic climate change. After three centuries of rising emissions, the entire global economy must now decarbonize in the coming three decades. Fortunately, most of the technologies and investment capital necessary to reduce and eventually eliminate emissions exist or are in development, but the urgency to implement those solutions is critical. This course provides an overview of climate change, its effects on business, and how businesses can (and should) respond. The course covers emissions sources and their impact on climate change, followed by an exploration of the policy landscape, including current legislation, carbon markets, and climate justice. The course then evaluates current and evolving mitigation technologies, reviews the tools of climate finance, and considers strategies for reducing emissions to net zero. Finally, the course introduces the role of businesses in addressing climate change, including net-zero goals, actions they can take to mitigate their impact, and the perspectives of shareholders. Throughout the course, the business case for climate action is emphasized, highlighting the economic benefits of taking action to address climate change.",B8705,School of Business,"Architecture, Schools of the Arts, Business, Columbia College, Dental Medicine , Engineering:Undergraduate, Engineering:Graduate, GSAS, General Studies, SIPA, Journalism, Law, Public Health, Professional Studies, Social Work",20261BUSI8705B002
DROMB8102,"Spring 2026 Decision, Risk & Operations Management B8102 section 001",Process Improvement and Growth,Process Improvement and G,001,https://doc.sis.columbia.edu/subj/DROM/B8102-20261-001/,14690,3,T 6:00pm-9:15pm 690 Kravis Hall,,"44 students (44 max) as of 11:06AM Monday, April 27, 2026",,,LECTURE,In-Person,"This class brings business operations and management science classes to the field with real-world experience. Through experiential learning, we will bridge the gap between theory and practice with international case discussions, conversations with guest speakers and hands-on company sponsored projects. Different to most classes in the school, in this class students will be exposed to a series of international cases and examples based on medium-sized, fast-growing entrepreneurial ventures. Each session will also include a guest speaker, often times the protagonist of the case studied, giving the students the opportunity to learn directly from successful entrepreneurs and senior executives. Additionally, students will put into practice the concept of process improvement by working on a company-sponsored applied project. Teams of 4-5 people, 3-4 MBA/EMBA students and 1-2 engineering (SEAS) students, will work hand in hand with the instructors and company representatives to achieve company goals. For example, teams may be tasked with re-designing the logistical strategy of distribution of the company to get rid of inefficiencies, or identify and find strategies to eliminate areas of waste within the companies’ processes, or analyze customer feedback and design operational solutions to increase customer satisfaction, etc. Enrollment in this course is by application only. To apply, please follow this link: https://forms.gle/EG6buNZqQYEgN2EH9",B8102,School of Business,"Business, Engineering:Graduate, Journalism",20261DROM8102B001
DROMB8103,"Spring 2026 Decision, Risk & Operations Management B8103 section 001",Business Analytics II: Foundations of AI,Business Analytics II: AI,001,https://doc.sis.columbia.edu/subj/DROM/B8103-20261-001/,14450,1.5,T 2:20pm-5:35pm 620 Kravis Hall,,"73 students (74 max) as of 11:06AM Monday, April 27, 2026",,Hongseok Namkoong,LECTURE,In-Person,"Business analytics refers to the ways in which enterprises such as businesses, non-profits, and governments use data to gain insights and make better decisions. Business analytics is applied in operations, marketing, finance, and strategic planning among other functions. Modern data collection methods – arising in bioinformatics, mobile platforms, and previously unanalyzable data like text and images – are leading an explosive growth in the volume of data available for decision making. The ability to use data effectively to drive rapid, precise, and profitable decisions has been a critical strategic advantage for companies as diverse as Walmart, Google, Capital One, and Disney. Many startups are based on the application of AI & analytics to large databases. With the increasing availability of broad and deep sources of information – so-called “Big Data” – business analytics are becoming an even more critical capability for enterprises of all types and all sizes. AI is beginning to impact every dimension of business and society. In many industries, you will need to be literate in AI to be a successful business leader. The Business Analytics sequence is designed to prepare you to play an active role in shaping the future of AI and business. You will develop a critical understanding of modern analytics methodology, studying its foundations, potential applications, and – perhaps most importantly – limitations.",B8103,School of Business,"Business, Engineering:Graduate, Journalism",20261DROM8103B001
DROMB8103,"Spring 2026 Decision, Risk & Operations Management B8103 section 002",Business Analytics II: Foundations of AI,Business Analytics II: AI,002,https://doc.sis.columbia.edu/subj/DROM/B8103-20261-002/,14451,1.5,W 9:00am-12:15pm 620 Kravis Hall,,"66 students (74 max) as of 11:06AM Monday, April 27, 2026",,Hongseok Namkoong,LECTURE,In-Person,"Business analytics refers to the ways in which enterprises such as businesses, non-profits, and governments use data to gain insights and make better decisions. Business analytics is applied in operations, marketing, finance, and strategic planning among other functions. Modern data collection methods – arising in bioinformatics, mobile platforms, and previously unanalyzable data like text and images – are leading an explosive growth in the volume of data available for decision making. The ability to use data effectively to drive rapid, precise, and profitable decisions has been a critical strategic advantage for companies as diverse as Walmart, Google, Capital One, and Disney. Many startups are based on the application of AI & analytics to large databases. With the increasing availability of broad and deep sources of information – so-called “Big Data” – business analytics are becoming an even more critical capability for enterprises of all types and all sizes. AI is beginning to impact every dimension of business and society. In many industries, you will need to be literate in AI to be a successful business leader. The Business Analytics sequence is designed to prepare you to play an active role in shaping the future of AI and business. You will develop a critical understanding of modern analytics methodology, studying its foundations, potential applications, and – perhaps most importantly – limitations.",B8103,School of Business,"Business, Engineering:Graduate, Journalism",20261DROM8103B002
DROMB8103,"Spring 2026 Decision, Risk & Operations Management B8103 section 003",Business Analytics II: Foundations of AI,Business Analytics II: AI,003,https://doc.sis.columbia.edu/subj/DROM/B8103-20261-003/,14448,1.5,W 2:20pm-5:35pm 620 GEFFEN HALL,,"65 students (74 max) as of 11:06AM Monday, April 27, 2026",,Hongseok Namkoong,LECTURE,In-Person,"Business analytics refers to the ways in which enterprises such as businesses, non-profits, and governments use data to gain insights and make better decisions. Business analytics is applied in operations, marketing, finance, and strategic planning among other functions. Modern data collection methods – arising in bioinformatics, mobile platforms, and previously unanalyzable data like text and images – are leading an explosive growth in the volume of data available for decision making. The ability to use data effectively to drive rapid, precise, and profitable decisions has been a critical strategic advantage for companies as diverse as Walmart, Google, Capital One, and Disney. Many startups are based on the application of AI & analytics to large databases. With the increasing availability of broad and deep sources of information – so-called “Big Data” – business analytics are becoming an even more critical capability for enterprises of all types and all sizes. AI is beginning to impact every dimension of business and society. In many industries, you will need to be literate in AI to be a successful business leader. The Business Analytics sequence is designed to prepare you to play an active role in shaping the future of AI and business. You will develop a critical understanding of modern analytics methodology, studying its foundations, potential applications, and – perhaps most importantly – limitations.",B8103,School of Business,"Business, Engineering:Graduate, Journalism",20261DROM8103B003
DROMB8106,"Spring 2026 Decision, Risk & Operations Management B8106 section 001",Operations Strategy,,001,https://doc.sis.columbia.edu/subj/DROM/B8106-20261-001/,14540,3,M 2:20pm-5:35pm 640 GEFFEN HALL,,"62 students (65 max) as of 11:06AM Monday, April 27, 2026",,Medini Singh,LECTURE,In-Person,"A firm's operations encompass all the activities that are performed in order to produce and deliver a product or a service. An operations strategy refers to a set of operational decisions that a firm makes to achieve a long-term competitive advantage. These decisions may be about the firms facilities, its technology/process choices, its relationships with both upstream and downstream business partners etc. The goal of this course is to provide students with an understanding of how and why operational decisions are integral to a firms success. The course builds on concepts from the core Operations Management course and the core Strategy Formulation course. It is highly relevant to anyone whose work requires the strategic analysis of a firms operations, including those interested in consulting, entrepreneurship, mergers and acquisitions, private equity, investment analysis, and general management. The course consists of four modules. The first module, Strategic Alignment,"" explores the question of how a firms operations should be structured so as to be consistent with the firms chosen way to compete. The second module, ""Firm Boundaries,"" considers the question of what operational activities should remain in house and what should be done by a business partner and the long-term implications of these decisions on competitive advantage. This module also addresses the issue of managing the business relationships with supply chain partners. The third module, ""Internal Operations,"" considers key decision categories in operations, e.g., capacity decisions, process choices, IT implementation, and managing networks, and shows how these decisions can lead to distinctive capabilities. The final module, ""New Challenges,"" is set aside to address new topics that reflect the current trends in the business environment.""",B8106,School of Business,"Business, Journalism",20261DROM8106B001
DROMB8106,"Spring 2026 Decision, Risk & Operations Management B8106 section 002",Operations Strategy,,002,https://doc.sis.columbia.edu/subj/DROM/B8106-20261-002/,14539,3,T 9:00am-12:15pm 640 GEFFEN HALL,,"62 students (65 max) as of 11:06AM Monday, April 27, 2026",,Medini Singh,LECTURE,In-Person,"A firm's operations encompass all the activities that are performed in order to produce and deliver a product or a service. An operations strategy refers to a set of operational decisions that a firm makes to achieve a long-term competitive advantage. These decisions may be about the firms facilities, its technology/process choices, its relationships with both upstream and downstream business partners etc. The goal of this course is to provide students with an understanding of how and why operational decisions are integral to a firms success. The course builds on concepts from the core Operations Management course and the core Strategy Formulation course. It is highly relevant to anyone whose work requires the strategic analysis of a firms operations, including those interested in consulting, entrepreneurship, mergers and acquisitions, private equity, investment analysis, and general management. The course consists of four modules. The first module, Strategic Alignment,"" explores the question of how a firms operations should be structured so as to be consistent with the firms chosen way to compete. The second module, ""Firm Boundaries,"" considers the question of what operational activities should remain in house and what should be done by a business partner and the long-term implications of these decisions on competitive advantage. This module also addresses the issue of managing the business relationships with supply chain partners. The third module, ""Internal Operations,"" considers key decision categories in operations, e.g., capacity decisions, process choices, IT implementation, and managing networks, and shows how these decisions can lead to distinctive capabilities. The final module, ""New Challenges,"" is set aside to address new topics that reflect the current trends in the business environment.""",B8106,School of Business,"Business, Journalism",20261DROM8106B002
DROMB8106,"Spring 2026 Decision, Risk & Operations Management B8106 section 003",Operations Strategy,,003,https://doc.sis.columbia.edu/subj/DROM/B8106-20261-003/,14537,3,T 2:20pm-5:35pm 640 GEFFEN HALL,,"67 students (65 max) as of 11:06AM Monday, April 27, 2026",,Medini Singh,LECTURE,In-Person,"A firm's operations encompass all the activities that are performed in order to produce and deliver a product or a service. An operations strategy refers to a set of operational decisions that a firm makes to achieve a long-term competitive advantage. These decisions may be about the firms facilities, its technology/process choices, its relationships with both upstream and downstream business partners etc. The goal of this course is to provide students with an understanding of how and why operational decisions are integral to a firms success. The course builds on concepts from the core Operations Management course and the core Strategy Formulation course. It is highly relevant to anyone whose work requires the strategic analysis of a firms operations, including those interested in consulting, entrepreneurship, mergers and acquisitions, private equity, investment analysis, and general management. The course consists of four modules. The first module, Strategic Alignment,"" explores the question of how a firms operations should be structured so as to be consistent with the firms chosen way to compete. The second module, ""Firm Boundaries,"" considers the question of what operational activities should remain in house and what should be done by a business partner and the long-term implications of these decisions on competitive advantage. This module also addresses the issue of managing the business relationships with supply chain partners. The third module, ""Internal Operations,"" considers key decision categories in operations, e.g., capacity decisions, process choices, IT implementation, and managing networks, and shows how these decisions can lead to distinctive capabilities. The final module, ""New Challenges,"" is set aside to address new topics that reflect the current trends in the business environment.""",B8106,School of Business,"Business, Journalism",20261DROM8106B003
DROMB8106,"Spring 2026 Decision, Risk & Operations Management B8106 section 004",Operations Strategy,,004,https://doc.sis.columbia.edu/subj/DROM/B8106-20261-004/,14541,3,W 9:00am-12:15pm 640 GEFFEN HALL,,"64 students (65 max) as of 11:06AM Monday, April 27, 2026",,Medini Singh,LECTURE,In-Person,"A firm's operations encompass all the activities that are performed in order to produce and deliver a product or a service. An operations strategy refers to a set of operational decisions that a firm makes to achieve a long-term competitive advantage. These decisions may be about the firms facilities, its technology/process choices, its relationships with both upstream and downstream business partners etc. The goal of this course is to provide students with an understanding of how and why operational decisions are integral to a firms success. The course builds on concepts from the core Operations Management course and the core Strategy Formulation course. It is highly relevant to anyone whose work requires the strategic analysis of a firms operations, including those interested in consulting, entrepreneurship, mergers and acquisitions, private equity, investment analysis, and general management. The course consists of four modules. The first module, Strategic Alignment,"" explores the question of how a firms operations should be structured so as to be consistent with the firms chosen way to compete. The second module, ""Firm Boundaries,"" considers the question of what operational activities should remain in house and what should be done by a business partner and the long-term implications of these decisions on competitive advantage. This module also addresses the issue of managing the business relationships with supply chain partners. The third module, ""Internal Operations,"" considers key decision categories in operations, e.g., capacity decisions, process choices, IT implementation, and managing networks, and shows how these decisions can lead to distinctive capabilities. The final module, ""New Challenges,"" is set aside to address new topics that reflect the current trends in the business environment.""",B8106,School of Business,"Business, Journalism",20261DROM8106B004
DROMB8106,"Spring 2026 Decision, Risk & Operations Management B8106 section 005",Operations Strategy,,005,https://doc.sis.columbia.edu/subj/DROM/B8106-20261-005/,14538,3,W 2:20pm-5:35pm 640 GEFFEN HALL,,"62 students (65 max) as of 11:06AM Monday, April 27, 2026",,Medini Singh,LECTURE,In-Person,"A firm's operations encompass all the activities that are performed in order to produce and deliver a product or a service. An operations strategy refers to a set of operational decisions that a firm makes to achieve a long-term competitive advantage. These decisions may be about the firms facilities, its technology/process choices, its relationships with both upstream and downstream business partners etc. The goal of this course is to provide students with an understanding of how and why operational decisions are integral to a firms success. The course builds on concepts from the core Operations Management course and the core Strategy Formulation course. It is highly relevant to anyone whose work requires the strategic analysis of a firms operations, including those interested in consulting, entrepreneurship, mergers and acquisitions, private equity, investment analysis, and general management. The course consists of four modules. The first module, Strategic Alignment,"" explores the question of how a firms operations should be structured so as to be consistent with the firms chosen way to compete. The second module, ""Firm Boundaries,"" considers the question of what operational activities should remain in house and what should be done by a business partner and the long-term implications of these decisions on competitive advantage. This module also addresses the issue of managing the business relationships with supply chain partners. The third module, ""Internal Operations,"" considers key decision categories in operations, e.g., capacity decisions, process choices, IT implementation, and managing networks, and shows how these decisions can lead to distinctive capabilities. The final module, ""New Challenges,"" is set aside to address new topics that reflect the current trends in the business environment.""",B8106,School of Business,"Business, Journalism",20261DROM8106B005
DROMB8106,"Spring 2026 Decision, Risk & Operations Management B8106 section 006",Operations Strategy,,006,https://doc.sis.columbia.edu/subj/DROM/B8106-20261-006/,14542,3,R 2:20pm-5:35pm 640 GEFFEN HALL,,"57 students (65 max) as of 11:06AM Monday, April 27, 2026",,Medini Singh,LECTURE,In-Person,"A firm's operations encompass all the activities that are performed in order to produce and deliver a product or a service. An operations strategy refers to a set of operational decisions that a firm makes to achieve a long-term competitive advantage. These decisions may be about the firms facilities, its technology/process choices, its relationships with both upstream and downstream business partners etc. The goal of this course is to provide students with an understanding of how and why operational decisions are integral to a firms success. The course builds on concepts from the core Operations Management course and the core Strategy Formulation course. It is highly relevant to anyone whose work requires the strategic analysis of a firms operations, including those interested in consulting, entrepreneurship, mergers and acquisitions, private equity, investment analysis, and general management. The course consists of four modules. The first module, Strategic Alignment,"" explores the question of how a firms operations should be structured so as to be consistent with the firms chosen way to compete. The second module, ""Firm Boundaries,"" considers the question of what operational activities should remain in house and what should be done by a business partner and the long-term implications of these decisions on competitive advantage. This module also addresses the issue of managing the business relationships with supply chain partners. The third module, ""Internal Operations,"" considers key decision categories in operations, e.g., capacity decisions, process choices, IT implementation, and managing networks, and shows how these decisions can lead to distinctive capabilities. The final module, ""New Challenges,"" is set aside to address new topics that reflect the current trends in the business environment.""",B8106,School of Business,"Business, Journalism",20261DROM8106B006
DROMB8115,"Spring 2026 Decision, Risk & Operations Management B8115 section 001",Sustainable Operations,,001,https://doc.sis.columbia.edu/subj/DROM/B8115-20261-001/,14491,1.5,T 2:20pm-5:35pm 440 Kravis Hall,,"60 students (74 max) as of 11:06AM Monday, April 27, 2026",,Nicole Dehoratius,LECTURE,In-Person,"The importance of designing, building, and leading sustainable organizations is indisputable. Sustainability encompasses not only the environmental footprint of an organization but also the way in which firms treat workers and customers both within their firm and supply chain network. Understanding the role of operational excellence and strategic supply chain management in achieving sustainability is critical for effective leadership. This course examines a variety of approaches to designing sustainability into an organization’s operations and how to measure and reduce a firm’s operational environmental impact. We also explore themes of risk, accountability, and sustainability within global supply chains. What challenges do firms face in being socially responsible when managing globally distributed supply chains? Three themes comprise this course: (1) designing sustainable operations, (2) drivers and consequences of sustainability, and (3) global sourcing and social responsibility. • Designing Sustainable Operations. Sample cases include – REI Rentals, All Birds, IndigoAg, Supply Chain Hubs in Humanitarian Logistics. • Drivers and Consequences of Sustainability. Sample cases include – Fiji Water, Aspen Ski Company. • Global Sourcing & Social Responsibility. Sample cases include – IKEA, Ready Made Garment Industry, Roche & Tamiflu.",B8115,School of Business,"Business, Engineering:Graduate, Journalism",20261DROM8115B001
DROMB8125,"Spring 2026 Decision, Risk & Operations Management B8125 section 001",DIGITAL LITERACY-DECISION MKRS,DIGITAL LITERACY-DECISION,001,https://doc.sis.columbia.edu/subj/DROM/B8125-20261-001/,14668,1.5,T 9:00am-12:15pm 880 Kravis Hall,,"40 students (50 max) as of 11:06AM Monday, April 27, 2026",,Marco A Morales Barba,LECTURE,In-Person,"COURSE DESCRIPTION Unrelenting technological progress demands entrepreneurs, executives, and managers to continually upgrade their skills in the pursuit of emerging opportunities. As “software eats the world”, executives from all industries are increasingly called upon to be “Full Stack”: capable of making competent decisions across domains as diverse as digital technology, design, product, and marketing. In this course, we begin with primers on code, design, and product management. Once the foundation is laid, we examine the best practices for building great products and exceptional teams. We conclude with an overview of how technology is changing the way products are marketed, distributed, and monetized. Our goal is to equip “non-technical” executives with the terminology, tools, and context required to effect change in a software­ and internet-driven world. COURSE LEARNING OBJECTIVES To provide an understanding of the technologies that we encounter everyday, and how history can inform the technology decisions executives face today. To become familiar the concepts that underpin modern computer programming, empowering managers to engage with engineers credibly and confidently. To shed light on the processes and tools designers use to solve user-facing design and architecture challenges. To clarify what product managers do, walk through the nitty-gritty of managing software development, and equip executives with the best practices for evaluating and improving their products. To prepare managers to identify, recruit, and nurture the technical talent they will need to succeed in today’s highly competitive labor market. To familiarize students with the dynamic context in which technology products live, ensuring the profitable and widespread delivery of those products.",B8125,School of Business,"Architecture, Schools of the Arts, Business, Columbia College, Dental Medicine:Post-Grad, Dental Medicine , Engineering:Undergraduate, Engineering:Graduate, GSAS, General Studies, SIPA, Journalism, Medicine, Nursing, Public Health, Professional Studies, Social Work",20261DROM8125B001
DROMB8126,"Spring 2026 Decision, Risk & Operations Management B8126 section 001",Programming Generative AI Applications,Programming Generative AI,001,https://doc.sis.columbia.edu/subj/DROM/B8126-20261-001/,14442,3,TWRFS 9:00am-5:00pm 490 GEFFEN HALL,,"68 students (74 max) as of 11:06AM Monday, April 27, 2026",,Hardeep Johar,LECTURE,In-Person,"Generative Artificial Intelligence is a type of AI that learns patterns from data to create new content in various types of media (text, images, audio, video). At its heart a generative AI system has a large language model (LLM) that is essentially a large (trillions of parameters) neural network that has been trained on a mix of vast amounts of data as well as human input. Applying generative AI to actual problems in business often requires that the LLM underlying the AI be customized to the business problem, either by attaching a data source (e.g., operating procedures, 10k reports, marketing plans, balance sheets, etc.) to the LLM (a process known as Retrieval-Augmented Generation or RAG) or by retraining the neural net with additional data (a process known as fine tuning). adjusting the parameters of the underlying LLM. Embedding generative AI into organizational processes requires that we gather appropriate data and reprogram the LLM to use the data either through RAG or fine tuning. The focus of this course is to give you a working knowledge of what it takes to customize and assemble a customized generative AI application. We will use OpenAI’s GPT as our base model and learn how to build a RAG and how to customize using simple fine tuning. About 50% of the class time will be devoted to a group project where you will, in small groups, build your own customized AI application. All programming will be in Python and we will use libraries like tensorflow, langchain and faiss. STUDENTS WILL NEED TO COMPLETE AN INTRODUCTORY PYTHON CLASS (https://courseworks2.columbia.edu/courses/152704) OR PASS THE BASIC PYTHON QUALIFICATION EXAM (https://cbs-python.com/) BEFORE THE FIRST DAY OF CLASS. SEE https://academics.gsb.columbia.edu/python FOR DETAILS",B8126,School of Business,"Business, Engineering:Graduate, Journalism",20261DROM8126B001
DROMB8128,"Spring 2026 Decision, Risk & Operations Management B8128 section 001",Healthcare Venture Capital And Private E,Healthcare Venture Cap &,001,https://doc.sis.columbia.edu/subj/DROM/B8128-20261-001/,14670,1.5,M 2:20pm-5:35pm 890 Kravis Hall,,"72 students (74 max) as of 11:06AM Monday, April 27, 2026",,,LECTURE,In-Person,"This course analyzes the unique characteristics and strategies of investing in the healthcare sector from the perspectives of venture capital firms investing in early-stage healthcare enterprises, entrepreneurs creating and managing such business entities, and private equity firms seeking to build value-creating health care platforms. The course is focused on innovative business models of early to mid-stage healthcare services companies (payers, providers, HCIT firms) that improve quality of patient care, lower costs, and facilitate access to such services, as well as the opportunities and challenges of early-stage biotechnology companies discovering and developing novel compounds. It considers how investors and entrepreneurs can assess, value and manage the inherent risks to succeed in this large, complex, and dynamic sector. This course will address these issues through a mixture of lectures, case studies, and guest speakers (investors and entrepreneurs) from the healthcare sector. Note: Some understanding and prior experience in the healthcare/pharma industry will be highly useful. Students need to attend the first class session to understand material covered later in the course. Evaluation is 25% class participation, 25% mid-term assignment (short paper on questions or case study), and 50% final (individual) paper. """,B8128,School of Business,"Business, Engineering:Graduate, Journalism",20261DROM8128B001
DROMB8145,"Spring 2026 Decision, Risk & Operations Management B8145 section 001",Applying Digital Health,,001,https://doc.sis.columbia.edu/subj/DROM/B8145-20261-001/,14655,1.5,TR 2:20pm-3:50pm 490 Kravis Hall,,"63 students (74 max) as of 11:06AM Monday, April 27, 2026",,Raymond G Falci,LECTURE,In-Person,,B8145,School of Business,"Architecture, Schools of the Arts, Business, Columbia College, Dental Medicine:Post-Grad, Dental Medicine , Engineering:Undergraduate, Engineering:Graduate, GSAS, General Studies, SIPA, Journalism, Medicine, Nursing, Public Health, Professional Studies, Social Work",20261DROM8145B001
DROMB8148,"Spring 2026 Decision, Risk & Operations Management B8148 section 001",The Analytics Advantage,,001,https://doc.sis.columbia.edu/subj/DROM/B8148-20261-001/,14662,1.5,R 9:00am-12:15pm 890 Kravis Hall,,"68 students (74 max) as of 11:06AM Monday, April 27, 2026",,Assaf Zeevi,LECTURE,In-Person,This class will focus on how analytics have generated value in a broad range of industries. Each class will be taught by a different faculty member with specific subject matter expertise and will focus on one specific industry and on how it has been transformed through the use of analytics. DROMB8152,B8148,School of Business,"Business, Engineering:Graduate, Journalism",20261DROM8148B001
DROMB8148,"Spring 2026 Decision, Risk & Operations Management B8148 section 002",The Analytics Advantage,,002,https://doc.sis.columbia.edu/subj/DROM/B8148-20261-002/,14663,1.5,R 2:20pm-5:35pm 890 Kravis Hall,,"69 students (74 max) as of 11:06AM Monday, April 27, 2026",,Charles R Guetta,LECTURE,In-Person,This class will focus on how analytics have generated value in a broad range of industries. Each class will be taught by a different faculty member with specific subject matter expertise and will focus on one specific industry and on how it has been transformed through the use of analytics. DROMB8152,B8148,School of Business,"Business, Engineering:Graduate, Journalism",20261DROM8148B002
DROMB8154,"Spring 2026 Decision, Risk & Operations Management B8154 section 001",Python for MBAs,,001,https://doc.sis.columbia.edu/subj/DROM/B8154-20261-001/,14666,1.5,T 6:00pm-9:15pm 640 GEFFEN HALL,,"44 students (74 max) as of 11:06AM Monday, April 27, 2026",,David L Bendes,LECTURE,In-Person,"From the ads that track us to the maps that guide us, the twenty-first century runs on code. The business world is no different. Programming has become one of the fastest-growing topics at business schools around the world. This course is an introduction to business uses of Python for MBA students. In this course, well be learning how to write Python code that automates tedious tasks, parses and analyzes large data sets, interact with APIs, and scrapes websites. This might be one of the most useful classes you ever take. Required Course Material Students must have a laptop that they can bring to class - Mac or PC is fine, as long as your operating system is up to date (at least Windows 10 and Mac OS 11). This course does not require a textbook. (Optional Reading: Python for MBAs, Griffel and Guetta) Any required readings will be provided via Canvas. Slides and files will be uploaded to Canvas after each class. Students will need to complete an introductory Python class (https://courseworks2.columbia.edu/courses/152704) and pass the Basic Python Qualification exam (https://www8.gsb.columbia.edu/courses/python#basic_qual) before the first day of classes.",B8154,School of Business,"Business, Journalism",20261DROM8154B001
DROMB8154,"Spring 2026 Decision, Risk & Operations Management B8154 section 002",Python for MBAs,,002,https://doc.sis.columbia.edu/subj/DROM/B8154-20261-002/,14667,1.5,R 2:20pm-5:35pm 420 Kravis Hall,,"57 students (74 max) as of 11:06AM Monday, April 27, 2026",,Mattan Griffel,LECTURE,In-Person,"From the ads that track us to the maps that guide us, the twenty-first century runs on code. The business world is no different. Programming has become one of the fastest-growing topics at business schools around the world. This course is an introduction to business uses of Python for MBA students. In this course, well be learning how to write Python code that automates tedious tasks, parses and analyzes large data sets, interact with APIs, and scrapes websites. This might be one of the most useful classes you ever take. Required Course Material Students must have a laptop that they can bring to class - Mac or PC is fine, as long as your operating system is up to date (at least Windows 10 and Mac OS 11). This course does not require a textbook. (Optional Reading: Python for MBAs, Griffel and Guetta) Any required readings will be provided via Canvas. Slides and files will be uploaded to Canvas after each class. Students will need to complete an introductory Python class (https://courseworks2.columbia.edu/courses/152704) and pass the Basic Python Qualification exam (https://www8.gsb.columbia.edu/courses/python#basic_qual) before the first day of classes.",B8154,School of Business,"Business, Journalism",20261DROM8154B002
DROMB8159,"Spring 2026 Decision, Risk & Operations Management B8159 section 001",Digital Marketplaces,,001,https://doc.sis.columbia.edu/subj/DROM/B8159-20261-001/,14688,1.5,MW 10:50am-12:20pm 490 Kravis Hall,,"55 students (74 max) as of 11:06AM Monday, April 27, 2026",,Yashodhan Kanoria,LECTURE,In-Person,"This course will cover some of the fundamental product decisions together with the basic analytic and data science tools to support them that are currently being used to run the most exciting online marketplaces in the world. More specifically, among others, we will address the following questions: How does Uber or Lyft match drivers to passengers? How does Airbnb select the set of listings to show to a guest in a search? How can we build an algorithmic, scalable reputation and trust system in an e-commerce platform such as Amazon? How should advertisers optimize their decisions in today’s online advertising marketplaces run by Google and others? Verticals of interest include the following: • Matching platforms like those for ride-hailing, lodging, dating, labor, and food delivery. • Internet advertising platforms including search engine advertising, display advertising, and sponsored products. • Retail platforms including those for physical goods like Amazon, Etsy, and possibly also those for virtual goods like the App Store/Play Store and gaming platforms.",B8159,School of Business,"Business, Engineering:Graduate, Journalism",20261DROM8159B001
ECMRB8744,Spring 2026 Economics & Marketing	 B8744 section 001,Psychology & Economics of Consumer Finan,Psyc & Econ Consumer Finc,001,https://doc.sis.columbia.edu/subj/ECMR/B8744-20261-001/,14697,3,TWRFS 9:00am-5:00pm 120 GEFFEN HALL,,"84 students (110 max) as of 11:06AM Monday, April 27, 2026",,,LECTURE,In-Person,"We will use the tools of behavioral economics and psychology to better understand consumer financial decisions and the consumer finance industry. We will examine markets for borrowing (mortgages, credit cards, peer-to-peer lending, payday loans), saving (401(k)s, strategies to promote saving, optimal asset allocation), and insurance (including life, health, and longevity). We will emphasize both how people do and how people should make financial decisions, and the implications for financial services firms. The goal of the course is to not only understand consumer finance, but to emphasize how the lessons from psychology and economics can be used to improve business decisions, foster innovation, and enhance public policy.",B8744,School of Business,"Business, Engineering:Graduate, Journalism",20261ECMR8744B001
FINCB8301,Spring 2026 Finance B8301 section 001,The Case for Boring: Investing in Invest,The Case for Boring: Inve,001,https://doc.sis.columbia.edu/subj/FINC/B8301-20261-001/,14367,1.5,M 2:20pm-5:35pm 420 Kravis Hall,,"31 students (74 max) as of 11:06AM Monday, April 27, 2026",,Ellen Carr,LECTURE,In-Person,"This course provides a primer on analyzing investment grade corporate bonds. It takes an investor perspective (to evaluate / quantify risk-reward across various IG corporate industries and companies) and a management perspective (to identify optimal capital structure/credit ratings). The course incorporates guest speakers from various functionalities on the buy side (portfolio managers, analysts, and traders), the sell side (underwriters, sales/trading/research), and the management side (treasurers). It will include an overview of “crossover” corporate bonds (falling angels/rising stars), LBO targets, ESG instruments such as green bonds and sustainability-linked bonds, and “corporate-adjacent” bonds (ABS, CMBS, munis). Students will gain exposure to both top-down and bottom-up approaches to IG corporate bond research and analysis.",B8301,School of Business,"Business, Engineering:Graduate, Journalism",20261FINC8301B001
FINCB8306,Spring 2026 Finance B8306 section 001,Capital Markets & Investments,CAPITAL MARKETS & INVESTM,001,https://doc.sis.columbia.edu/subj/FINC/B8306-20261-001/,14603,3,MW 9:00am-10:30am 420 GEFFEN HALL,,"75 students (74 max) as of 11:06AM Monday, April 27, 2026",,Simon Oh,LECTURE,In-Person,"This course provides students with a rigorous foundation in capital markets and investments, emphasizing asset valuation from an applied perspective. It covers valuation techniques for financial securities, essential to portfolio management and risk management applications. Key topics include arbitrage, the term structure of interest rates, portfolio theory, diversification, equilibrium asset pricing models such as the CAPM, market efficiency and inefficiencies, performance evaluation, analysis of common pooled investment vehicles, behavioral finance, and tax-aware investment strategies. Through interactive activities, case studies, and simulations utilizing real-world market data, students will acquire analytical skills and foundational knowledge required for advanced finance courses and practical roles within the investment industry",B8306,School of Business,"Business, Journalism",20261FINC8306B001
FINCB8306,Spring 2026 Finance B8306 section 002,Capital Markets & Investments,CAPITAL MARKETS & INVESTM,002,https://doc.sis.columbia.edu/subj/FINC/B8306-20261-002/,14600,3,MW 10:50am-12:20pm 420 GEFFEN HALL,,"74 students (74 max) as of 11:06AM Monday, April 27, 2026",,Simon Oh,LECTURE,In-Person,"This course provides students with a rigorous foundation in capital markets and investments, emphasizing asset valuation from an applied perspective. It covers valuation techniques for financial securities, essential to portfolio management and risk management applications. Key topics include arbitrage, the term structure of interest rates, portfolio theory, diversification, equilibrium asset pricing models such as the CAPM, market efficiency and inefficiencies, performance evaluation, analysis of common pooled investment vehicles, behavioral finance, and tax-aware investment strategies. Through interactive activities, case studies, and simulations utilizing real-world market data, students will acquire analytical skills and foundational knowledge required for advanced finance courses and practical roles within the investment industry",B8306,School of Business,"Business, Journalism",20261FINC8306B002
FINCB8306,Spring 2026 Finance B8306 section 003,Capital Markets & Investments,CAPITAL MARKETS & INVESTM,003,https://doc.sis.columbia.edu/subj/FINC/B8306-20261-003/,14601,3,MW 2:20pm-3:50pm 490 Kravis Hall,,"74 students (74 max) as of 11:06AM Monday, April 27, 2026",,Simon Oh,LECTURE,In-Person,"This course provides students with a rigorous foundation in capital markets and investments, emphasizing asset valuation from an applied perspective. It covers valuation techniques for financial securities, essential to portfolio management and risk management applications. Key topics include arbitrage, the term structure of interest rates, portfolio theory, diversification, equilibrium asset pricing models such as the CAPM, market efficiency and inefficiencies, performance evaluation, analysis of common pooled investment vehicles, behavioral finance, and tax-aware investment strategies. Through interactive activities, case studies, and simulations utilizing real-world market data, students will acquire analytical skills and foundational knowledge required for advanced finance courses and practical roles within the investment industry",B8306,School of Business,"Business, Engineering:Graduate, Journalism",20261FINC8306B003
FINCB8306,Spring 2026 Finance B8306 section 004,Capital Markets & Investments,CAPITAL MARKETS & INVESTM,004,https://doc.sis.columbia.edu/subj/FINC/B8306-20261-004/,14605,3,TR 9:00am-10:30am 420 GEFFEN HALL,,"74 students (74 max) as of 11:06AM Monday, April 27, 2026",,Brian P Lancaster,LECTURE,In-Person,"This course provides students with a rigorous foundation in capital markets and investments, emphasizing asset valuation from an applied perspective. It covers valuation techniques for financial securities, essential to portfolio management and risk management applications. Key topics include arbitrage, the term structure of interest rates, portfolio theory, diversification, equilibrium asset pricing models such as the CAPM, market efficiency and inefficiencies, performance evaluation, analysis of common pooled investment vehicles, behavioral finance, and tax-aware investment strategies. Through interactive activities, case studies, and simulations utilizing real-world market data, students will acquire analytical skills and foundational knowledge required for advanced finance courses and practical roles within the investment industry",B8306,School of Business,"Business, Engineering:Graduate, Journalism",20261FINC8306B004
FINCB8306,Spring 2026 Finance B8306 section 005,Capital Markets & Investments,CAPITAL MARKETS & INVESTM,005,https://doc.sis.columbia.edu/subj/FINC/B8306-20261-005/,14598,3,TR 10:50am-12:20pm 420 GEFFEN HALL,,"74 students (74 max) as of 11:06AM Monday, April 27, 2026",,Brian P Lancaster,LECTURE,In-Person,"This course provides students with a rigorous foundation in capital markets and investments, emphasizing asset valuation from an applied perspective. It covers valuation techniques for financial securities, essential to portfolio management and risk management applications. Key topics include arbitrage, the term structure of interest rates, portfolio theory, diversification, equilibrium asset pricing models such as the CAPM, market efficiency and inefficiencies, performance evaluation, analysis of common pooled investment vehicles, behavioral finance, and tax-aware investment strategies. Through interactive activities, case studies, and simulations utilizing real-world market data, students will acquire analytical skills and foundational knowledge required for advanced finance courses and practical roles within the investment industry",B8306,School of Business,"Business, Journalism",20261FINC8306B005
FINCB8306,Spring 2026 Finance B8306 section 006,Capital Markets & Investments,CAPITAL MARKETS & INVESTM,006,https://doc.sis.columbia.edu/subj/FINC/B8306-20261-006/,14602,3,TR 2:20pm-3:50pm 420 GEFFEN HALL,,"74 students (74 max) as of 11:06AM Monday, April 27, 2026",,Brian P Lancaster,LECTURE,In-Person,"This course provides students with a rigorous foundation in capital markets and investments, emphasizing asset valuation from an applied perspective. It covers valuation techniques for financial securities, essential to portfolio management and risk management applications. Key topics include arbitrage, the term structure of interest rates, portfolio theory, diversification, equilibrium asset pricing models such as the CAPM, market efficiency and inefficiencies, performance evaluation, analysis of common pooled investment vehicles, behavioral finance, and tax-aware investment strategies. Through interactive activities, case studies, and simulations utilizing real-world market data, students will acquire analytical skills and foundational knowledge required for advanced finance courses and practical roles within the investment industry",B8306,School of Business,"Business, Journalism",20261FINC8306B006
FINCB8306,Spring 2026 Finance B8306 section 007,Capital Markets & Investments,CAPITAL MARKETS & INVESTM,007,https://doc.sis.columbia.edu/subj/FINC/B8306-20261-007/,14604,3,TR 4:10pm-5:40pm 520 GEFFEN HALL,,"73 students (74 max) as of 11:06AM Monday, April 27, 2026",,Federico Mainardi,LECTURE,In-Person,"This course provides students with a rigorous foundation in capital markets and investments, emphasizing asset valuation from an applied perspective. It covers valuation techniques for financial securities, essential to portfolio management and risk management applications. Key topics include arbitrage, the term structure of interest rates, portfolio theory, diversification, equilibrium asset pricing models such as the CAPM, market efficiency and inefficiencies, performance evaluation, analysis of common pooled investment vehicles, behavioral finance, and tax-aware investment strategies. Through interactive activities, case studies, and simulations utilizing real-world market data, students will acquire analytical skills and foundational knowledge required for advanced finance courses and practical roles within the investment industry",B8306,School of Business,"Business, Engineering:Graduate, Journalism",20261FINC8306B007
FINCB8306,Spring 2026 Finance B8306 section 008,Capital Markets & Investments,CAPITAL MARKETS & INVESTM,008,https://doc.sis.columbia.edu/subj/FINC/B8306-20261-008/,14599,3,TR 6:00pm-7:30pm 520 GEFFEN HALL,,"33 students (74 max) as of 11:06AM Monday, April 27, 2026",,Federico Mainardi,LECTURE,In-Person,"This course provides students with a rigorous foundation in capital markets and investments, emphasizing asset valuation from an applied perspective. It covers valuation techniques for financial securities, essential to portfolio management and risk management applications. Key topics include arbitrage, the term structure of interest rates, portfolio theory, diversification, equilibrium asset pricing models such as the CAPM, market efficiency and inefficiencies, performance evaluation, analysis of common pooled investment vehicles, behavioral finance, and tax-aware investment strategies. Through interactive activities, case studies, and simulations utilizing real-world market data, students will acquire analytical skills and foundational knowledge required for advanced finance courses and practical roles within the investment industry",B8306,School of Business,"Business, Engineering:Graduate, Journalism",20261FINC8306B008
FINCB8307,Spring 2026 Finance B8307 section 001,Corporate Financial Management,Corporate Financial Manag,001,https://doc.sis.columbia.edu/subj/FINC/B8307-20261-001/,14684,3,MW 9:00am-10:30am 410 Kravis Hall,,"40 students (50 max) as of 11:06AM Monday, April 27, 2026",,Sorin Maruster,LECTURE,In-Person,"Formerly known as Advanced Corporate Finance develops the art and science of optimal strategic decision-making by applying corporate financial theory to cases of financial policy, financial instruments and valuation. In particular, the following topics are studied: cost of capital and capital budgeting, discounted cash flow valuation and financial multiples, payout policy, equity and debt financing, option pricing theory and applications, corporate control and recapitalizations. The classes are structured to maximize the synergy between theory and practice, providing students portable, durable and marketable tools for their internships and careers.",B8307,School of Business,"Architecture, Schools of the Arts, Business, Columbia College, Dental Medicine:Post-Grad, Dental Medicine , Engineering:Undergraduate, Engineering:Graduate, GSAS, General Studies, SIPA, Journalism, Medicine, Nursing, Public Health, Professional Studies, Social Work",20261FINC8307B001
FINCB8307,Spring 2026 Finance B8307 section 002,Corporate Financial Management,Corporate Financial Manag,002,https://doc.sis.columbia.edu/subj/FINC/B8307-20261-002/,14685,3,MW 2:20pm-3:50pm 440 GEFFEN HALL,,"36 students (50 max) as of 11:06AM Monday, April 27, 2026",,Xavier Giroud,LECTURE,In-Person,"Formerly known as Advanced Corporate Finance develops the art and science of optimal strategic decision-making by applying corporate financial theory to cases of financial policy, financial instruments and valuation. In particular, the following topics are studied: cost of capital and capital budgeting, discounted cash flow valuation and financial multiples, payout policy, equity and debt financing, option pricing theory and applications, corporate control and recapitalizations. The classes are structured to maximize the synergy between theory and practice, providing students portable, durable and marketable tools for their internships and careers.",B8307,School of Business,"Business, Engineering:Graduate, Journalism",20261FINC8307B002
FINCB8307,Spring 2026 Finance B8307 section 003,Corporate Financial Management,Corporate Financial Manag,003,https://doc.sis.columbia.edu/subj/FINC/B8307-20261-003/,14683,3,MW 4:10pm-5:40pm 440 GEFFEN HALL,,"46 students (50 max) as of 11:06AM Monday, April 27, 2026",,Xavier Giroud,LECTURE,In-Person,"Formerly known as Advanced Corporate Finance develops the art and science of optimal strategic decision-making by applying corporate financial theory to cases of financial policy, financial instruments and valuation. In particular, the following topics are studied: cost of capital and capital budgeting, discounted cash flow valuation and financial multiples, payout policy, equity and debt financing, option pricing theory and applications, corporate control and recapitalizations. The classes are structured to maximize the synergy between theory and practice, providing students portable, durable and marketable tools for their internships and careers.",B8307,School of Business,"Business, Engineering:Graduate, Journalism",20261FINC8307B003
FINCB8308,Spring 2026 Finance B8308 section 001,DEBT MARKETS,,001,https://doc.sis.columbia.edu/subj/FINC/B8308-20261-001/,14686,3,M 6:00pm-9:15pm 420 GEFFEN HALL,,"29 students (74 max) as of 11:06AM Monday, April 27, 2026",,Steven W Abrahams,LECTURE,In-Person,"Debt capital markets have become one of the world’s main providers of credit, coordinating the complex and sometimes conflicting needs of issuers and investors. None of the participants come with the same information, giving rise to diverse intermediaries that help the markets clear. This course will examine how debt markets have evolved to meet the funding needs of governments, businesses and households as well as the investment needs of central banks, commercial banks, insurers, mutual funds, hedge funds and other institutions. It will cover the securities, financing and derivatives markets that have developed as a result. Beyond benchmark government debt, the course will cover corporate debt markets where companies ranging from the strongest to the weakest issue a wide range of instruments to attract a distinct set of investors. The course will also cover the markets in mortgage-backed securities and other securitizations, which have introduced a wide range of financial innovations and provided funding for residential and commercial mortgages, credit card and auto loans, student loans and business loans as well. The course will cover episodes where these markets succeed and where they fail. This course is well suited to students considering careers with debt issuers, debt investors or the intermediaries that facilitate debt capital markets including sales and trading operations, information providers, regulators and others. Students will learn the institutional structure of these markets, the instruments that trade and basic principles of valuation and risk management.",B8308,School of Business,"Business, Engineering:Graduate, Journalism",20261FINC8308B001
FINCB8309,Spring 2026 Finance B8309 section 001,Derivatives (Half-Term),,001,https://doc.sis.columbia.edu/subj/FINC/B8309-20261-001/,14642,1.5,MW 10:50am-12:20pm 870 Kravis Hall,,"60 students (74 max) as of 11:06AM Monday, April 27, 2026",,Mark Zurack,LECTURE,In-Person,"Successful investing in Equities Markets requires more than just picking stocks given the wide array of products at a portfolio manager's disposal. Through a combination of lectures, a case study and guest speakers, this course is intended to provide firsthand experience on how products like Options, Swaps, Futures, ETFs, and Structured Notes, and are structured, valued, and used. Although most of the course relates to Equities, there will be some content on Derivatives on other Asset Classes",B8309,School of Business,"Business, Engineering:Graduate, Journalism",20261FINC8309B001
FINCB8318,Spring 2026 Finance B8318 section 001,Investment Banking Tax Factors,Investment Banking Tax Fa,001,https://doc.sis.columbia.edu/subj/FINC/B8318-20261-001/,14656,3,R 2:20pm-5:35pm 410 Kravis Hall,,"19 students (50 max) as of 11:06AM Monday, April 27, 2026",,Robert Willens,LECTURE,In-Person,"As the course title implies, we will familiarize students with the tax principles that must be considered by corporate managers and their advisers with respect to transactions that result in a re-alignment of the corporations business activities or its capital structure. In most respects, the course will be taught from the perspective of the outside adviser engaged to provide guidance regarding a major corporate transaction or financing decision. The student will, once the course is completed, secure an ability to recognize common re-structuring/financing scenarios confronting management and be positioned to propose viable solutions to these problems in a manner that minimizes tax outlays, consistent with prudent and, above all, ethical business practice.The course features a final examination and a term paper; typically, but not necessarily, the paper is prepared on a group basis. The readings for the course consist, primarily, of Lehman Brothers Tax and Accounting"" Research Reports and ""The Willens Report"" research pieces and articles from professional taxation journals as well as decided cases and I.R.S. pronouncements.We will supply all such reading materials on the first day of class.""",B8318,School of Business,"Architecture, Schools of the Arts, Business, Columbia College, Dental Medicine:Post-Grad, Dental Medicine , Engineering:Undergraduate, Engineering:Graduate, GSAS, General Studies, SIPA, Journalism, Medicine, Nursing, Public Health, Professional Studies, Social Work",20261FINC8318B001
FINCB8323,Spring 2026 Finance B8323 section 001,ASSET MANAGEMENT,,001,https://doc.sis.columbia.edu/subj/FINC/B8323-20261-001/,14452,3,R 2:20pm-5:35pm 590 GEFFEN HALL,,"96 students (150 max) as of 11:06AM Monday, April 27, 2026",,Geert Bekaert,LECTURE,In-Person,"This course applies financial theory to the issues and problems of asset management. In order to understand these issues, we must start with the specific goals, characteristics, and considerations of the asset owner. Asset owners may be individuals (e.g. personal wealth), collective owners (e.g. families or pension funds), charitable endowments and foundations (e.g. Columbia University), corporations, and nations (e.g. sovereign wealth funds). We characterize the properties of asset returns and the nature of various investment strategies to assess how asset management can meet the specific investment goals of asset owners. Asset owners usually delegate management of their portfolios to financial intermediaries, which may invest across a broad array of assets or specialize in a certain investment style or asset class. The delegated nature of investments necessitates understanding the principal-agent issues and market frictions associated with each type of asset class.",B8323,School of Business,"Architecture, Schools of the Arts, Business, Columbia College, Dental Medicine:Post-Grad, Dental Medicine , Engineering:Undergraduate, Engineering:Graduate, GSAS, General Studies, SIPA, Journalism, Medicine, Nursing, Public Health, Professional Studies, Social Work",20261FINC8323B001
FINCB8324,Spring 2026 Finance B8324 section 001,The Business of Asset Management,The Business of Asset Mgm,001,https://doc.sis.columbia.edu/subj/FINC/B8324-20261-001/,14466,1.5,M 9:00am-12:15pm 440 GEFFEN HALL,,"42 students (55 max) as of 11:06AM Monday, April 27, 2026",,Robert E Bortz,LECTURE,In-Person,"This first objective will be achieved via an overview of the industry, overviews of specific subsets of the industry and guest speakers with expertise building and operating businesses in asset management. The second objective will be to arm students with enough information around the practical aspects of asset management, such that they can put together a reasonable business plan for a start-up asset manager. Students will then present those business plans on the last day of class.",B8324,School of Business,"Business, Engineering:Graduate, Journalism",20261FINC8324B001
FINCB8324,Spring 2026 Finance B8324 section 002,The Business of Asset Management,The Business of Asset Mgm,002,https://doc.sis.columbia.edu/subj/FINC/B8324-20261-002/,14467,1.5,M 6:00pm-9:15pm 440 Kravis Hall,,"32 students (50 max) as of 11:06AM Monday, April 27, 2026",,Guy M Miller,LECTURE,In-Person,"This first objective will be achieved via an overview of the industry, overviews of specific subsets of the industry and guest speakers with expertise building and operating businesses in asset management. The second objective will be to arm students with enough information around the practical aspects of asset management, such that they can put together a reasonable business plan for a start-up asset manager. Students will then present those business plans on the last day of class.",B8324,School of Business,"Business, Engineering:Graduate, Journalism",20261FINC8324B002
FINCB8325,Spring 2026 Finance B8325 section 001,Mergers & Acquisitions,,001,https://doc.sis.columbia.edu/subj/FINC/B8325-20261-001/,14654,3,R 9:00am-12:15pm 620 Kravis Hall,,"56 students (74 max) as of 11:06AM Monday, April 27, 2026",,Donna M Hitscherich,LECTURE,In-Person,"This course is designed to be an applications oriented course and will draw heavily upon real world change of control case studies. The course builds on the prior courses in corporate finance. The course will not introduce significantly new finance principles or analytical techniques other than those to which the student has been exposed to previously in the prerequisite introductory courses in finance at Columbia. The course will seek to apply basic finance principles and analytical techniques to actual problems likely to be encountered by senior management of major corporations or those who are the advisors to such management in the context of an M&A transaction. At the conclusion of the course, the student will have gained an appreciation for the role M&A plays on today's corporate landscape and have formed an opinion as to whether or not an M&A transaction makes sense"" for the firm. The student should expect at the conclusion of this course to have gained a level of competency in M&A commensurate with an entry-level investment banking associate in M&A. Whether or not the student ""practices"" M&A, the course will afford the student with an insider's look into what is an undeniable major force on today's corporate landscape. Accordingly, students who are interested in investment banking, consulting, equity research, corporate development, corporate lending, strategic planning, private equity, leveraged finance, or proprietary trading many wish to consider this course.""",B8325,School of Business,"Business, Engineering:Graduate, Journalism",20261FINC8325B001
FINCB8325,Spring 2026 Finance B8325 section 002,Mergers & Acquisitions,,002,https://doc.sis.columbia.edu/subj/FINC/B8325-20261-002/,14653,3,F 9:00am-12:15pm 590 GEFFEN HALL,,"138 students (150 max) as of 11:06AM Monday, April 27, 2026",,Luigi Rizzo,LECTURE,In-Person,"This course is designed to be an applications oriented course and will draw heavily upon real world change of control case studies. The course builds on the prior courses in corporate finance. The course will not introduce significantly new finance principles or analytical techniques other than those to which the student has been exposed to previously in the prerequisite introductory courses in finance at Columbia. The course will seek to apply basic finance principles and analytical techniques to actual problems likely to be encountered by senior management of major corporations or those who are the advisors to such management in the context of an M&A transaction. At the conclusion of the course, the student will have gained an appreciation for the role M&A plays on today's corporate landscape and have formed an opinion as to whether or not an M&A transaction makes sense"" for the firm. The student should expect at the conclusion of this course to have gained a level of competency in M&A commensurate with an entry-level investment banking associate in M&A. Whether or not the student ""practices"" M&A, the course will afford the student with an insider's look into what is an undeniable major force on today's corporate landscape. Accordingly, students who are interested in investment banking, consulting, equity research, corporate development, corporate lending, strategic planning, private equity, leveraged finance, or proprietary trading many wish to consider this course.""",B8325,School of Business,"Business, Engineering:Graduate, Journalism",20261FINC8325B002
FINCB8328,Spring 2026 Finance B8328 section 001,From Feast to Famine & Back Ag,From Feast to Famine & Ba,001,https://doc.sis.columbia.edu/subj/FINC/B8328-20261-001/,14581,3,S 9:00am-5:00pm To be announced,,"66 students (74 max) as of 11:06AM Monday, April 27, 2026",,Ellen Carr,LECTURE,In-Person,"This course studies the evolution of the high yield bond and loan markets, and the behavior of market participants from peak to trough and back again through various credit cycles. Through lectures, case studies, and guest speakers, we discuss through-cycle changes in valuation, structure, capital raising, liquidity and other investor considerations. To provide context, we will use the Caesars/Harrah’s 2006 leveraged buyout as a case study that illustrates each phase of the credit cycle. Four other case studies (HCA, NXP, Realogy and a contemporary case, TWTR) will be used to highlight the two extremes of the cycle (“feast” and “famine”), and how they build on the calmer (some might even say boring) phases of the credit cycle. Students should leave the course with an understanding of the concept of the credit cycle and the ability to identify peak and trough conditions and behaviors.",B8328,School of Business,"Business, Engineering:Graduate, Journalism",20261FINC8328B001
FINCB8331,Spring 2026 Finance B8331 section 001,Real Estate Finance,,001,https://doc.sis.columbia.edu/subj/FINC/B8331-20261-001/,14651,3,TR 9:00am-10:30am 590 GEFFEN HALL,,"47 students (74 max) as of 11:06AM Monday, April 27, 2026",,Boaz Abramson,LECTURE,In-Person,"The course focuses on the set of concepts and techniques used to analyze and finance income-producing real property. It starts with the characteristics that make real property different, including cash flow uncertainties, debt sources and tax features. It then considers the available strategies and structures of real estate finance, including capital structure choices for construction and permanent financing. Extensive use is then made of cases to illustrate the range of choices and outcomes.",B8331,School of Business,"Business, Engineering:Graduate, Journalism",20261FINC8331B001
FINCB8331,Spring 2026 Finance B8331 section 002,Real Estate Finance,,002,https://doc.sis.columbia.edu/subj/FINC/B8331-20261-002/,14652,3,TR 10:50am-12:20pm 590 GEFFEN HALL,,"73 students (74 max) as of 11:06AM Monday, April 27, 2026",,Boaz Abramson,LECTURE,In-Person,"The course focuses on the set of concepts and techniques used to analyze and finance income-producing real property. It starts with the characteristics that make real property different, including cash flow uncertainties, debt sources and tax features. It then considers the available strategies and structures of real estate finance, including capital structure choices for construction and permanent financing. Extensive use is then made of cases to illustrate the range of choices and outcomes.",B8331,School of Business,"Business, Engineering:Graduate, Journalism",20261FINC8331B002
FINCB8331,Spring 2026 Finance B8331 section 003,Real Estate Finance,,003,https://doc.sis.columbia.edu/subj/FINC/B8331-20261-003/,14650,3,TR 2:20pm-3:50pm 620 GEFFEN HALL,,"73 students (74 max) as of 11:06AM Monday, April 27, 2026",,Boaz Abramson,LECTURE,In-Person,"The course focuses on the set of concepts and techniques used to analyze and finance income-producing real property. It starts with the characteristics that make real property different, including cash flow uncertainties, debt sources and tax features. It then considers the available strategies and structures of real estate finance, including capital structure choices for construction and permanent financing. Extensive use is then made of cases to illustrate the range of choices and outcomes.",B8331,School of Business,"Business, Engineering:Graduate, Journalism",20261FINC8331B003
FINCB8337,Spring 2026 Finance B8337 section 001,Global Real Estate Investment,Global Real Estate Invest,001,https://doc.sis.columbia.edu/subj/FINC/B8337-20261-001/,14445,1.5,W 9:00am-12:15pm 440 GEFFEN HALL,,"49 students (50 max) as of 11:06AM Monday, April 27, 2026",,Gregorio Schneider,LECTURE,In-Person,"This half-term course will introduce students to the fundamentals of global real estate investment from an institutional perspective through an exploration of specific strategies for structuring global real estate portfolios. It will also provide students with an analytical framework and the tools to analyze and value cross-border real estate investments in developed and emerging markets. Given current market conditions, attention will also be paid to asset management strategies.",B8337,School of Business,"Business, Journalism",20261FINC8337B001
FINCB8352,Spring 2026 Finance B8352 section 001,Financing Energy Infrastructure,Financing Energy Infrastr,001,https://doc.sis.columbia.edu/subj/FINC/B8352-20261-001/,14373,1.5,R 2:20pm-5:35pm 440 Kravis Hall,,"74 students (74 max) as of 11:06AM Monday, April 27, 2026",,William Bond,LECTURE,In-Person,,B8352,School of Business,"Business, Engineering:Graduate, Journalism",20261FINC8352B001
FINCB8354,Spring 2026 Finance B8354 section 001,Personal Finance,,001,https://doc.sis.columbia.edu/subj/FINC/B8354-20261-001/,14428,1.5,W 9:00am-12:15pm 620 GEFFEN HALL,,"150 students (150 max) as of 11:06AM Monday, April 27, 2026",,Angela W Lee,LECTURE,In-Person,"This course is meant to provide an overall framework for personal finance. This course is not providing financial advice and each individual’s personal context and additional research should be done before making financial decisions Most of this course is internationally applicable. However, certain topics will have more of a US centric focus: taxes, retirement accounts, mortgages This course will not cover more advanced strategies (e.g., bitcoin, angel investing, commodities, investing on margin)",B8354,School of Business,"Business, Journalism",20261FINC8354B001
FINCB8355,Spring 2026 Finance B8355 section 001,Impact Investing,,001,https://doc.sis.columbia.edu/subj/FINC/B8355-20261-001/,14573,1.5,W 6:00pm-9:15pm 670 Kravis Hall,,"63 students (74 max) as of 11:06AM Monday, April 27, 2026",,Preeti Bhattacharji,SEMINAR,In-Person,"This course is intended to provide students with an overview of the range of investing and funding approaches used by impact investors. This will be done through a combination of lectures, discussions, and presentations by leading impact investors and thought leaders. The substantive areas covered will include: (1) financial instruments and techniques used to fund social enterprises (for-profit, nonprofit and hybrids); (2) the differing financial return and social impact return expectations of impact investors; (3) how investors/funders and investment/wealth managers and advisors structure their portfolios and funds; and (4) strategies used by impact investors to search for impact investing opportunities. As well as investor/funder perspectives, the course will explore the role of financial innovation in creating opportunities to finance social enterprises, and the enabling regulatory framework and information intermediaries that are needed to support the development of robust social capital markets.",B8355,School of Business,"Business, Engineering:Graduate, Journalism",20261FINC8355B001
FINCB8356,Spring 2026 Finance B8356 section 001,Financing Innovation in Healthcare,Financing Innovation in H,001,https://doc.sis.columbia.edu/subj/FINC/B8356-20261-001/,14433,1.5,FS 9:00am-5:00pm 690 Kravis Hall,,"64 students (74 max) as of 11:06AM Monday, April 27, 2026",,Xuelin Li,LECTURE,In-Person,"The primary objective of this course is to provide you with a comprehensive understanding of the significant economic, strategic, and regulatory aspects involved in financing innovations within the healthcare industry. In the ?first half of the course, you will be introduced to the risk-return pro?les and market failures specific to the biopharma industry. Additionally, we will explore the integral roles played by various ?financing channels, including government funding, non-pro?t organizations, venture capital, and mergers and acquisitions, in driving the innovation process. The second half of the course will focus on examining the distinctive ?financial characteristics of U.S. hospitals and analyzing how external financing impacts healthcare quality and technology adoption.",B8356,School of Business,"Architecture, Schools of the Arts, Business, Columbia College, Dental Medicine:Post-Grad, Dental Medicine , Engineering:Undergraduate, Engineering:Graduate, GSAS, General Studies, SIPA, Journalism, Medicine, Nursing, Public Health, Professional Studies, Social Work",20261FINC8356B001
FINCB8358,Spring 2026 Finance B8358 section 001,Strategic Equity Finance,,001,https://doc.sis.columbia.edu/subj/FINC/B8358-20261-001/,14694,1.5,TR 9:00am-10:30am 820 Kravis Hall,,"66 students (74 max) as of 11:06AM Monday, April 27, 2026",,David Erickson,LECTURE,In-Person,,B8358,School of Business,"Business, Engineering:Graduate, Journalism",20261FINC8358B001
FINCB8363,Spring 2026 Finance B8363 section 001,Climate Finance,,001,https://doc.sis.columbia.edu/subj/FINC/B8363-20261-001/,14572,1.5,T 2:20pm-5:35pm 620 Kravis Hall,,"63 students (74 max) as of 11:06AM Monday, April 27, 2026",,Bruce M Usher,LECTURE,In-Person,"Climate change may be today’s most serious challenge to the future of humanity. Scientists have concluded that avoiding catastrophic climate change will require a reduction in greenhouse gas emissions to zero by 2050 or shortly thereafter, a dramatic reversal after several hundred years of industrial growth. This will require a rapid transformation of the global economy, requiring trillions of dollars in capital and creating new and risks and opportunities for investors to finance the transition. This course builds on the lessons learned in B8705 Business and Climate Change. The course begins with an introduction to climate finance and the topic of carbon markets, followed by classes on project finance to finance renewable energy, venture and growth capital to finance emerging climate technologies, and public equity strategies including divestment and ESG investing. Financial products in the fixed income and insurance markets are examined for climate impact, followed by a class session on development finance to understand the unique challenges and solutions to investing in climate solutions in emerging markets. The course wraps-up with a class session on the strategies used by banks and investment firms for the transition to net zero, concluding with a discussion of the impact of the climate crisis on opportunities and careers in finance.",B8363,School of Business,"Business, Engineering:Graduate, Journalism",20261FINC8363B001
FINCB8368,Spring 2026 Finance B8368 section 001,Security Analysis,,001,https://doc.sis.columbia.edu/subj/FINC/B8368-20261-001/,14649,3,W 6:00pm-9:15pm 440 Kravis Hall,,"64 students (64 max) as of 11:06AM Monday, April 27, 2026",,Michael J Mauboussin,LECTURE,In-Person,"The course’s objective is to present a rational investment philosophy and process for equity security analysis and capital allocation. The course has three sections: (1) Investment Philosophy and Capital Markets What is the objective of security analysis and investing? Why does a value-based methodology win over time? Does Modern Portfolio Theory explain empirical evidence? What is more instructive for investment analysis – determining value or expected return? What is the difference between “cheap” and “mis-priced”? (2) Investment Process – Valuation and Competitive Strategy What is the difference between a great business, a good business and a bad business? How can we evaluate when a business and/or an industry’s mid-long term economics change? How can we evaluate company specific structural mis-pricings that exist? How can we categorize investment opportunities to improve how we value and define them? How can we define a process to source mis-pricings into investment categories? What are the commonly used valuation methodologies and which are most instructive for certain situations? What is the most effective framework for modeling a business and what are the pitfalls? How can we evaluate management’s history of capital allocation? How important is it and how do we factor this into valuation? (3) Capital Allocation and Global Macro What top-down inputs are instructive for a security analyst? What lessons have we learned from previous bubbles? Can computing and evaluating asset class expected returns help source where a security analyst might find mis-pricings and compounding opportunities? How do we evaluate secular headwinds or tailwinds for industries and businesses? What are the pitfalls of consensus thinking and is there a benefit to seeking the edge of the crowd? What are the key economic data points that truly inform the analyst where we are in certain cycles? The curriculum will seek to answer these questions by first reviewing investing principals and concepts. Thereafter we will bring in company executives and investment practitioners to provide real world evidence of these principles in action and allow for students to participate in a thoughtful, factual dialogue.",B8368,School of Business,"Business, Engineering:Graduate, Journalism",20261FINC8368B001
FINCB8369,Spring 2026 Finance B8369 section 001,Applied Security Analysis I,Applied Security Analysis,001,https://doc.sis.columbia.edu/subj/FINC/B8369-20261-001/,14648,3,R 6:00pm-9:15pm 420 Kravis Hall,,"74 students (74 max) as of 11:06AM Monday, April 27, 2026",,,LECTURE,In-Person,"Applied Security Analysis I emphases practical application of value investing. Students will work in teams to find an appropriate investment idea, perform thorough primary research, and deliver a pitch to a portfolio manager.""The class is integrated with The Pershing Square Value Investing and Philanthropy Challenge. This competition, which began in 2007, signifies the commitment of both Columbia Business School and Pershing Square to produce talented and knowledgeable graduates who are ready to take on leadership roles and to demonstrate the importance of philanthropy to these future leaders in value investing. Winning teams will receive a cash prize with a percentage of those winnings to be donated to a charity of their choice.All student teams will pitch their ideas to investment professionals three times over the course of the semester, simulating the job of the analyst to convince a portfolio manager of the worthiness of an idea. Feedback will be provided on the strength of the idea, the areas of further research required, and presentation skills. *Class attendance is required when outside speakers are present including Bill Ackman, the Philanthropy Discussion, and Finals (takes place off-campus). Grades will be reduced 1 level (ex. H to an HP) for any unexcused absences.**This course will be demanding. Students should expect 20-25 hours of work per week outside of class.""",B8369,School of Business,"Business, Engineering:Graduate, Journalism",20261FINC8369B001
FINCB8377,Spring 2026 Finance B8377 section 001,Value Investing,,001,https://doc.sis.columbia.edu/subj/FINC/B8377-20261-001/,14644,1.5,TR 9:00am-10:30am 120 GEFFEN HALL,,"218 students (256 max) as of 11:06AM Monday, April 27, 2026",,Tano Santos,LECTURE,In-Person,"This class, taught in Term A, is intended to teach students the fundamentals of the value approach to investment management developed by Graham and Dodd. This will be done through a combination of formal lectures, cases and in-class valuation discussions. The substantive areas covered will include (1) the fundamental assumptions and approaches to value investing, (2) techniques for assessing fundamental value - balance sheet and earnings power approaches, (3) structuring value-based portfolios to control risk and (4) designing strategies for searching efficiently for value investing opportunities.",B8377,School of Business,"Business, Engineering:Graduate, Journalism",20261FINC8377B001
FINCB8396,Spring 2026 Finance B8396 section 001,Alternative Assets in Institutional Port,Alternative Assets,001,https://doc.sis.columbia.edu/subj/FINC/B8396-20261-001/,14570,1.5,M 6:00pm-9:15pm 670 Kravis Hall,,"40 students (74 max) as of 11:06AM Monday, April 27, 2026",,,LECTURE,In-Person,"This course examines key themes and issues related to investing in alternative assets from the perspective of major asset owners, such as defined benefit pension plans. The course will focus on the investment process and benefits of applying alternative investments, specifically hedge funds and fund-of-funds, to traditional portfolios. The course will also address the role of real estate, timber, venture capital, private equity, hard assets, infrastructure assets and commodities within traditional portfolios.The goals of this course are for participants to: Understand the objectives and constraints of institutional investors, specifically corporate and public pension plans; Appreciate the benefits, and potential drawbacks, of including alternative assets within the context of large institutional portfolios; Gain insight into the analysis and selection of hedge funds, as well as the construction of hedge fund of fund portfolios; Develop an awareness of analysis, selection, and management of alternative asset portfolios including private equity, commodities, currencies, etc.This course will make significant use of practical, real-world examples. Moreover, the professors expect to engage CIOs of pension plans, as well as major hedge fund managers (such as David Einhorn of Greenlight, Scott Bessent of Soros, and others) to participate in the course as guest lecturers.Students who are looking to pursue careers in any traditional or alternative asset class will benefit from this course. Further, students interested in careers at corporate or public pension plans, fund of funds, consultants or research providers should benefit from this course.""",B8396,School of Business,"Business, Engineering:Graduate, Journalism",20261FINC8396B001
FINCB8399,Spring 2026 Finance B8399 section 001,Foundations of Business Law,Foundations of Business L,001,https://doc.sis.columbia.edu/subj/FINC/B8399-20261-001/,14365,1.5,R 2:20pm-5:35pm 890 Kravis Hall,,"54 students (74 max) as of 11:06AM Monday, April 27, 2026",,Donna M Hitscherich,LECTURE,In-Person,"This course is not a traditional business law survey class. This course is an application-oriented class that provides the business professional with an understanding of certain essential legal concepts that are an integral part of the decision-making process for a business enterprise to operate effectively in the United States. The purpose of this course is to provide the student with a framework that will enable the student to identify legal issues that arise in various circumstances during the operation of a business enterprise. This course will focus primarily on the legal regime in the United States, although the laws of other jurisdictions will be noted where appropriate. The course is highly interactive – legal principles will be imparted as students seek to identify legal issues arising in actual business situations. Daily student class participation is a significant element of the course, accounting for 20% of the student grade.",B8399,School of Business,"Business, Engineering:Graduate, Journalism",20261FINC8399B001
FINCB8401,Spring 2026 Finance B8401 section 001,Short Selling,,001,https://doc.sis.columbia.edu/subj/FINC/B8401-20261-001/,14481,1.5,R 9:00am-12:15pm 890 Kravis Hall,,"50 students (50 max) as of 11:06AM Monday, April 27, 2026",,,LECTURE,In-Person,"There’s an old Wall Street adage: “Don’t short valuation.” So, is everything else fair game? What about frauds, are those sure things? The purpose of this class is to answer these questions and equip students to profitably employ short-selling investment strategies. We will introduce students to all aspects of short-selling. However, we will assume that students have prior knowledge of the basics mechanics of shorting a stock, as well as various accounting tricks and “shenanigans” that companies employ to mask weaknesses in their business. To that end, we will provide some materials that should be reviewed before the start of class to review these concepts. In class, we will first dig into the academic literature behind short selling. We will discuss what has worked historically, and whether or not it has been successful as of late. We will then read and discuss case studies on “famous” shorts and frauds. We will, with the benefit of hindsight, try to identify inflection points in the arc of each company. The students will also become familiar with the risks of shorting frauds too early. We will examine various short selling strategies, including “activist shorting”, that are currently being employed in the markets. We will evaluate what elements make for a compelling short “pitch.” Additionally, students will learn about idea sourcing, portfolio management, risk management, and compliance. While the title and focus of the class is “Short Selling,” it is important to note that the techniques and investment approaches we will discuss are highly applicable to long-focused investing as well. Deciding not to own a security that is included in a tracking index is functionally the same as shorting the security, and understanding a company’s true profitability (and not the version that it promotes through its accounting decisions) is highly important for valuation efforts. A deep and skeptical research approach should assist fundamental analysts in all fields. We will approach this topic from both theoretical and practical perspectives, drawing heavily on the academic literature around short selling as well as highly-experienced practitioners. We will examine what makes a profitable short, and pay particular attention to unsuccessful shorts and how to avoid them. The mosaic of analysis will include accounting, market microstructure, fundamental factors, behavioral finance, value-added research, and various v",B8401,School of Business,"Business, Engineering:Graduate, Journalism",20261FINC8401B001
FINCB8414,Spring 2026 Finance B8414 section 001,Private Equity,,001,https://doc.sis.columbia.edu/subj/FINC/B8414-20261-001/,14484,1.5,TR 9:00am-10:30am 620 GEFFEN HALL,,"96 students (105 max) as of 11:06AM Monday, April 27, 2026",,Aamir Rehman,LECTURE,In-Person,"The course ""Private Equity"" focuses on the essential aspects of corporate finance relevant to the private equity industry.  The course follows the ""private equity cycle"" of selection, valuation, and harvesting. Initially, students learn to evaluate a target company from the perspective of a private equity firm, keeping in mind the needs of investors and management. The course then delves into financial modeling, deal structuring, PE fund raising and private equity investment management. We will cover the basic LBO model used throughout the industry to structure and value deals.",B8414,School of Business,"Business, Engineering:Graduate, Journalism",20261FINC8414B001
FINCB8414,Spring 2026 Finance B8414 section 002,Private Equity,,002,https://doc.sis.columbia.edu/subj/FINC/B8414-20261-002/,14483,1.5,TR 10:50am-12:20pm 620 GEFFEN HALL,,"119 students (120 max) as of 11:06AM Monday, April 27, 2026",,Aamir Rehman,LECTURE,In-Person,"The course ""Private Equity"" focuses on the essential aspects of corporate finance relevant to the private equity industry.  The course follows the ""private equity cycle"" of selection, valuation, and harvesting. Initially, students learn to evaluate a target company from the perspective of a private equity firm, keeping in mind the needs of investors and management. The course then delves into financial modeling, deal structuring, PE fund raising and private equity investment management. We will cover the basic LBO model used throughout the industry to structure and value deals.",B8414,School of Business,"Business, Engineering:Graduate, Journalism",20261FINC8414B002
FINCB8415,Spring 2026 Finance B8415 section 001,Advanced Private Equity,,001,https://doc.sis.columbia.edu/subj/FINC/B8415-20261-001/,14438,1.5,TR 9:00am-10:30am 620 GEFFEN HALL,,"79 students (85 max) as of 11:06AM Monday, April 27, 2026",,Michael Ewens,LECTURE,In-Person,"“Advanced Private Equity” expands on the topics learned in “Private Equity” from a PE investment professional's perspective.  The course follows the private equity cycle from sourcing to exit. With the help of guest speakers from the PE industry, students will learn about the early stages of the deal process: sourcing and diligence. The class will build a complex three-statement LBO model, learning about how modern deals are structured with private credit, management rollovers, and non-traditional capital structure decisions.  The course shifts to the ownership side of PE deals: value creation. We will cover the strategies used by PE owners to grow and improve their portfolio companies, incorporating initiatives into our models.  The course uniquely combines lectures and guest speakers on all topics, where the guest speakers bring applications of all key issues to the classroom.",B8415,School of Business,"Business, Engineering:Graduate, Journalism",20261FINC8415B001
FINCB8443,Spring 2026 Finance B8443 section 001,Corporate Restructuring in Bankruptcy,Corporate Restructuring,001,https://doc.sis.columbia.edu/subj/FINC/B8443-20261-001/,14431,1.5,R 6:00pm-9:15pm 440 Kravis Hall,,"37 students (74 max) as of 11:06AM Monday, April 27, 2026",,Robert A Johnson,LECTURE,In-Person,"This course will familiarize students with the financial, legal and strategic issues associated with both corporate and governmental restructurings. The main focus will be on the restructuring of financially distressed firms with particular emphasis on the negotiations between stakeholders to convert existing claims into securities of the reorganized firm. The course will begin with a review of the basics of corporate distress: how firms get into financial trouble, warning signs, balance sheet composition and risk, and cost of both debt and equity capital. The course will include discussions of operational restructuring techniques which can be used to avoid or at least mitigate the need for balance sheet restructurings.",B8443,School of Business,"Business, Engineering:Graduate, Journalism",20261FINC8443B001
FINCB8443,Spring 2026 Finance B8443 section 002,Corporate Restructuring in Bankruptcy,Corporate Restructuring,002,https://doc.sis.columbia.edu/subj/FINC/B8443-20261-002/,14430,1.5,M 9:00am-12:15pm 680 Kravis Hall,,"37 students (50 max) as of 11:06AM Monday, April 27, 2026",,Marshall Sonenshine,LECTURE,In-Person,"This course will familiarize students with the financial, legal and strategic issues associated with both corporate and governmental restructurings. The main focus will be on the restructuring of financially distressed firms with particular emphasis on the negotiations between stakeholders to convert existing claims into securities of the reorganized firm. The course will begin with a review of the basics of corporate distress: how firms get into financial trouble, warning signs, balance sheet composition and risk, and cost of both debt and equity capital. The course will include discussions of operational restructuring techniques which can be used to avoid or at least mitigate the need for balance sheet restructurings.",B8443,School of Business,"Business, Engineering:Graduate, Journalism",20261FINC8443B002
FINCB8452,Spring 2026 Finance B8452 section 001,Project Finance: Principles and Applicat,PRJ FINC: Principles/Appl,001,https://doc.sis.columbia.edu/subj/FINC/B8452-20261-001/,14637,1.5,MW 10:50am-12:20pm 590 GEFFEN HALL,,"72 students (74 max) as of 11:06AM Monday, April 27, 2026",,Paul D Clifford,LECTURE,In-Person,"This course will provide students with a strong practical and theoretical framework to be able to analyze complex infrastructure investment projects from first principles and will cover both the structuring aspects of this financial discipline (commercial and legal frameworks, key risk and mitigants, financial modelling) as well as real-world infrastructure project finance case studies and industry sector guest speakers. Overall, the course provides a practical and quantitative approach to understanding project finance transactions; focuses on energy and infrastructure transactions; integrates principles of corporate finance with an understanding of specific technologies, industrial organization, regulatory framework and country-specific policies; examines foreign exchange issues, taxation, risk evaluation and mitigation and key contractual structures; explores the fundamentals of International Project Finance; and complements and adds to the current fundamentals of Project Finance course. This course is relevant to students contemplating careers in financing infrastructure projects, considering dual engineering/finance degrees, or working for developers/sponsors of international infrastructure projects, private equity investors and infrastructure funds or international financial organizations such as Multilateral development institutions (World Bank, Asia Development Bank, Inter-American Development Bank, Asia Development Bank, Asia Infrastructure Investment Bank).",B8452,School of Business,"Architecture, Schools of the Arts, Business, Columbia College, Dental Medicine:Post-Grad, Dental Medicine , Engineering:Undergraduate, Engineering:Graduate, GSAS, General Studies, SIPA, Journalism, Medicine, Nursing, Public Health, Professional Studies, Social Work",20261FINC8452B001
FINCB8461,Spring 2026 Finance B8461 section 001,Practice of Wealth Management,Practice of Wealth Manage,001,https://doc.sis.columbia.edu/subj/FINC/B8461-20261-001/,14635,3,W 6:00pm-9:15pm 640 GEFFEN HALL,,"45 students (50 max) as of 11:06AM Monday, April 27, 2026",,,LECTURE,In-Person,"The purpose of the course is to provide students with a fundamental understanding of the business and practice of wealth management. Topics will include an overview of asset management, equity portfolios, stock selection, valuation metrics, mutual funds, ETFs, outside managers, asset allocation, income needs, and illiquid investments. These subjects will be discussed in the context of the changing macroeconomic environment. Emphasis will be placed on the importance of relationship management. Who are the clients? What are their core values and goals? We will discuss topics such as money and identity, success and status, family dynamics, and philanthropy. We will also address ways of understanding the purpose of wealth management, and the shifting focus from investment returns to a goals-based"" approach.""",B8461,School of Business,"Business, Engineering:Graduate, Journalism",20261FINC8461B001
FINCB8462,Spring 2026 Finance B8462 section 001,Blockchain & Cryptocurrencies,Blockchain & Cryptocurren,001,https://doc.sis.columbia.edu/subj/FINC/B8462-20261-001/,14634,3,R 9:00am-12:15pm 870 Kravis Hall,,"68 students (74 max) as of 11:06AM Monday, April 27, 2026",,,LECTURE,In-Person,"This course will introduce fundamental concepts and a high-level overview of the burgeoning blockchain and cryptocurrency space. The course will begin by providing a background in fundamental concepts in Computer Science such as in cryptography, distributed systems, and data structures. It will then move on to an in-depth overview of blockchain, the history of Bitcoin and the proliferation of new consensus models, ICOs, smart contracts, and more. Industry guest speakers will share their perspectives.",B8462,School of Business,"Business, Engineering:Graduate, Journalism",20261FINC8462B001
FINCB8469,Spring 2026 Finance B8469 section 001,Distressed Real Estate Investing,Distressed RE Investing,001,https://doc.sis.columbia.edu/subj/FINC/B8469-20261-001/,14432,1.5,T 6:00pm-9:15pm 620 Kravis Hall,,"34 students (74 max) as of 11:06AM Monday, April 27, 2026",,,LECTURE,In-Person,"B8332 Real Estate Transactions is recommended. The goal of this course is to make you knowledgeable and conversant about the principles of real estate investing as applied to purchasing distressed assets. The Covid crisis is only the most recent example of how changes in the economy or capital markets can have a profound impact on real estate investors. During the Great Recession and the US Savings and Loan crisis before that, real estate assets suffered appreciable losses, and thus also provided an opportunity for investors to find new opportunities to recapitalize and reposition troubled properties and companies. As both a physical asset and an investment asset with a defined location in space, real estate is strikingly different from other asset classes. It is a long-lived asset that depends on attractive financing, rental increases, and long-term appreciation to maintain its value. Real estate forms part of the alternative investment asset class and institutional investors target a substantial part of their alternatives portfolio in real estate. The class will cover both US and international distressed investments and across traditional and niche sectors. The goal is to provide students with the tools to identify and purchase distressed real estate assets globally and to target superior risk-adjusted rates of return.",B8469,School of Business,"Business, Engineering:Graduate, Journalism",20261FINC8469B001
FINCB8474,Spring 2026 Finance B8474 section 001,Real Estate Analytics,,001,https://doc.sis.columbia.edu/subj/FINC/B8474-20261-001/,14695,3,T 2:20pm-5:35pm 420 Kravis Hall,,"42 students (74 max) as of 11:06AM Monday, April 27, 2026",,Stijn G Van Nieuwerburgh,LECTURE,In-Person,"Real estate accounts for one third of the capital assets around the world. You simply cannot ignore it in as an investor or in any business, whether the business is called real estate or not. The last few years have seen a rapid increase in the use of Big Data in the real estate industry. Much more data have become available that allow companies to radically improve their decision making and create value in ways that are rapidly transforming the real estate industry. This course will use tools from business analytics and new, large real estate datasets to help shed light on important questions in residential and commercial real estate. The course will foster both conceptual understanding and hands-on skill acquisition through coding in Python. This course is meant both for students with strong programming background who want to learn more about real estate and for students of real estate who want to beef up their data analytics skills. Python knowledge needs to be demonstrated by passing the CBS Python advanced-proficiency exam (B0002). Anyone who has not taken ""Python for MBAs"" and woud like to register for that class should email python@gsb.columbia.edu to arrange a special sitting of the advanced qualification exam.",B8474,School of Business,"Architecture, Schools of the Arts, Business, Columbia College, Dental Medicine:Post-Grad, Dental Medicine , Engineering:Undergraduate, Engineering:Graduate, GSAS, General Studies, SIPA, Journalism, Medicine, Nursing, Public Health, Professional Studies, Social Work",20261FINC8474B001
FINCB8528,Spring 2026 Finance B8528 section 001,Family Enterprise and Wealth,Family Enterprise and Wea,001,https://doc.sis.columbia.edu/subj/FINC/B8528-20261-001/,14369,1.5,R 9:00am-1:00pm 620 Kravis Hall,,"62 students (74 max) as of 11:06AM Monday, April 27, 2026",,Patricia M Angus,LECTURE,In-Person,"This course introduces students to the complex topics of family enterprise and family wealth.  Wealth in the United States and globally has become increasingly concentrated in the hands of a small number of families, which is having a major impact on business, financial, and philanthropic sectors. These families often start with an entrepreneur who creates an operating business, that later evolves into trusts, holding companies, investment vehicles, a family office, and charitable foundations.   This conglomeration of holdings is referred to as a complex ""family enterprise"" and all the assets of the family comprise its ""wealth."" Given the magnitude of this trend, it is almost inevitable that each MBA student will own, work for, invest in, or otherwise interact with family enterprises after graduation. Students will be exposed to a variety of perspectives, including in-depth research, analysis, and insider's views on family dynamics, governance, business, investments, and philanthropy.  The course will proceed from the perspective of family first and particular emphasis will be given the fact that the family’s “human capital” is its most important resource to foster a successful family enterprise and optimize its important role in society.  Technical issues, including legal concepts and structures applicable to family enterprises, will also be examined.  Guest lecturers from industry and family enterprises will provide real-life context to class discussions. Students will leave the course prepared to more effectively own, manage, and work with family enterprises, and with a more nuanced understanding of family wealth as it is now understood by leading global families. This will have a direct impact on future success, both personally and professionally.   While the course will be especially relevant for students who come from family enterprises, it will also provide insights and tools for students who intend to work in private wealth management, privately held companies, management consulting, private equity/ venture capital, and social enterprises.  This is not just an investment, finance, or family business management course, as those subjects are covered in more detail elsewhere in the curriculum but is a multi-disciplinary approach to this complex set of issues. The course has the following objectives: - Increase awareness of the role and importance of family enterprises globally. - Expand understanding of “family wealth” as it is defined and developed by leading",B8528,School of Business,"Business, Engineering:Graduate, Journalism",20261FINC8528B001
FINCB8767,Spring 2026 Finance B8767 section 001,Investing in Social Ventures,Investing in Social Ventu,001,https://doc.sis.columbia.edu/subj/FINC/B8767-20261-001/,14574,1.5,R 2:20pm-5:35pm 440 Kravis Hall,,"57 students (74 max) as of 11:06AM Monday, April 27, 2026",,,LECTURE,In-Person,"This half semester course provides students with the opportunity to perform due diligence on early-stage social ventures (nonprofit and for-profit ventures with a social or environmental mission). This course is designed for MBA students interested in impact investing, social entrepreneurship, or philanthropy. The objective of the course is for students to learn both the theory of investing in early-stage social ventures and the practice of evaluating early-stage social ventures through a due diligence process. This course is not designed for the evaluation of larger, well-established social enterprises. Students are placed in teams to evaluate social entrepreneurs from the Columbia University community who have applied for funding from the Tamer Fund for Social Ventures. The course is a combination of in-class lectures and discussion, and practical application of class lessons outside of the classroom. Major topics covered include: the due diligence process, assessing venture pitches and teams, due diligence in emerging markets, due diligence of non-profits, impact measurement and management, and valuations and deal structure. During the course, each student team completes detailed due diligence on their assigned social venture, including diligence on applicants, the social venture and the sector. The course concludes with student teams submitting a written due diligence report and a recommendation for funding to the Investment Board of the Tamer Fund for Social Ventures.",B8767,School of Business,"Business, Engineering:Graduate, Journalism",20261FINC8767B001
FINCB9325,Spring 2026 Finance B9325 section 001,(PhD)Fincl Econometrics I,(PhD)Fncl Ecnmtrcs Time S,001,https://doc.sis.columbia.edu/subj/FINC/B9325-20261-001/,14722,1.5,R 9:00am-12:15pm 440 Kravis Hall,,"62 students (74 max) as of 11:06AM Monday, April 27, 2026",,Geert Bekaert,LECTURE,In-Person,,B9325,School of Business,,20261FINC9325B001
FINCB9326,Spring 2026 Finance B9326 section 001,(PhD) Financial Econometrics: Panel Data,(PhD) Financl Econ: Panel,001,https://doc.sis.columbia.edu/subj/FINC/B9326-20261-001/,14720,1.5,T 2:20pm-5:35pm 690 Kravis Hall,,"65 students (74 max) as of 11:06AM Monday, April 27, 2026",,Xavier Giroud,LECTURE,In-Person,,B9326,School of Business,,20261FINC9326B001
FINCB9330,Spring 2026 Finance B9330 section 001,Market Microstructure: How Trading Works,Market Microstructure: Ho,001,https://doc.sis.columbia.edu/subj/FINC/B9330-20261-001/,14718,1.5,W 6:00pm-9:00pm 520 GEFFEN HALL,,"38 students (50 max) as of 11:06AM Monday, April 27, 2026",,Or Shachar,LECTURE,In-Person,,B9330,School of Business,"Architecture, Schools of the Arts, Business, Columbia College, Dental Medicine:Post-Grad, Dental Medicine , Engineering:Undergraduate, Engineering:Graduate, GSAS, General Studies, SIPA, Journalism, Medicine, Nursing, Public Health, Professional Studies, Social Work",20261FINC9330B001
FINCB9342,Spring 2026 Finance B9342 section 001,Text Data in Finance,,001,https://doc.sis.columbia.edu/subj/FINC/B9342-20261-001/,14713,1.5,F 2:20pm-5:35pm 820 Kravis Hall,,"29 students (50 max) as of 11:06AM Monday, April 27, 2026",,Harry Mamaysky,SEMINAR,In-Person,,B9342,School of Business,Business,20261FINC9342B001
MGMTB8510,Spring 2026 Management B8510 section 001,MANAGERIAL NEGOTIATIONS,,001,https://doc.sis.columbia.edu/subj/MGMT/B8510-20261-001/,14562,3,TWRFS 9:00am-5:00pm 410 Kravis Hall,,"52 students (50 max) as of 11:06AM Monday, April 27, 2026",,Michael W Morris - e-mail,LECTURE,In-Person,"Our days are filled with negotiation and conflict, from everyday disputes to job negotiations, from coalition-building to boardroom bargaining. This course aims to help students improve their skills in two fundamental ways. One is knowledge-oriented: students learn concepts and frameworks for analyzing and preparing for bargaining. A second route is practice-oriented: students engage in a sequence of hands-on activities, practicing and reflecting, building self-awareness, and honing their skills for creating and claiming value.",B8510,School of Business,"Business, Journalism",20261MGMT8510B001
MGMTB8510,Spring 2026 Management B8510 section 002,MANAGERIAL NEGOTIATIONS,,002,https://doc.sis.columbia.edu/subj/MGMT/B8510-20261-002/,14559,3,M 2:20pm-5:35pm 680 Kravis Hall,,"45 students (50 max) as of 11:06AM Monday, April 27, 2026",,Valerie J Purdie-Greenaway - e-mail,LECTURE,In-Person,"Our days are filled with negotiation and conflict, from everyday disputes to job negotiations, from coalition-building to boardroom bargaining. This course aims to help students improve their skills in two fundamental ways. One is knowledge-oriented: students learn concepts and frameworks for analyzing and preparing for bargaining. A second route is practice-oriented: students engage in a sequence of hands-on activities, practicing and reflecting, building self-awareness, and honing their skills for creating and claiming value.",B8510,School of Business,"Business, Engineering:Graduate, Journalism",20261MGMT8510B002
MGMTB8510,Spring 2026 Management B8510 section 003,MANAGERIAL NEGOTIATIONS,,003,https://doc.sis.columbia.edu/subj/MGMT/B8510-20261-003/,14567,3,M 6:00pm-9:15pm 680 Kravis Hall,,"51 students (50 max) as of 11:06AM Monday, April 27, 2026",,Valerie J Purdie-Greenaway - e-mail,LECTURE,In-Person,"Our days are filled with negotiation and conflict, from everyday disputes to job negotiations, from coalition-building to boardroom bargaining. This course aims to help students improve their skills in two fundamental ways. One is knowledge-oriented: students learn concepts and frameworks for analyzing and preparing for bargaining. A second route is practice-oriented: students engage in a sequence of hands-on activities, practicing and reflecting, building self-awareness, and honing their skills for creating and claiming value.",B8510,School of Business,"Architecture, Schools of the Arts, Business, Columbia College, Dental Medicine:Post-Grad, Dental Medicine , Engineering:Undergraduate, Engineering:Graduate, GSAS, General Studies, SIPA, Journalism, Medicine, Nursing, Public Health, Professional Studies, Social Work",20261MGMT8510B003
MGMTB8510,Spring 2026 Management B8510 section 004,MANAGERIAL NEGOTIATIONS,,004,https://doc.sis.columbia.edu/subj/MGMT/B8510-20261-004/,14564,3,T 9:00am-12:15pm 680 Kravis Hall,,"45 students (50 max) as of 11:06AM Monday, April 27, 2026",,Hannah B Waldfogel,LECTURE,In-Person,"Our days are filled with negotiation and conflict, from everyday disputes to job negotiations, from coalition-building to boardroom bargaining. This course aims to help students improve their skills in two fundamental ways. One is knowledge-oriented: students learn concepts and frameworks for analyzing and preparing for bargaining. A second route is practice-oriented: students engage in a sequence of hands-on activities, practicing and reflecting, building self-awareness, and honing their skills for creating and claiming value.",B8510,School of Business,"Business, Journalism",20261MGMT8510B004
MGMTB8510,Spring 2026 Management B8510 section 005,MANAGERIAL NEGOTIATIONS,,005,https://doc.sis.columbia.edu/subj/MGMT/B8510-20261-005/,14561,3,T 2:20pm-5:35pm 680 Kravis Hall,,"46 students (50 max) as of 11:06AM Monday, April 27, 2026",,Hannah B Waldfogel,LECTURE,In-Person,"Our days are filled with negotiation and conflict, from everyday disputes to job negotiations, from coalition-building to boardroom bargaining. This course aims to help students improve their skills in two fundamental ways. One is knowledge-oriented: students learn concepts and frameworks for analyzing and preparing for bargaining. A second route is practice-oriented: students engage in a sequence of hands-on activities, practicing and reflecting, building self-awareness, and honing their skills for creating and claiming value.",B8510,School of Business,"Business, Journalism",20261MGMT8510B005
MGMTB8510,Spring 2026 Management B8510 section 006,MANAGERIAL NEGOTIATIONS,,006,https://doc.sis.columbia.edu/subj/MGMT/B8510-20261-006/,14560,3,W 9:00am-12:15pm 680 Kravis Hall,,"32 students (50 max) as of 11:06AM Monday, April 27, 2026",,Rachel I McDonald,LECTURE,In-Person,"Our days are filled with negotiation and conflict, from everyday disputes to job negotiations, from coalition-building to boardroom bargaining. This course aims to help students improve their skills in two fundamental ways. One is knowledge-oriented: students learn concepts and frameworks for analyzing and preparing for bargaining. A second route is practice-oriented: students engage in a sequence of hands-on activities, practicing and reflecting, building self-awareness, and honing their skills for creating and claiming value.",B8510,School of Business,"Business, SIPA, Journalism",20261MGMT8510B006
MGMTB8510,Spring 2026 Management B8510 section 007,MANAGERIAL NEGOTIATIONS,,007,https://doc.sis.columbia.edu/subj/MGMT/B8510-20261-007/,14566,3,W 2:20pm-5:35pm 680 Kravis Hall,,"45 students (50 max) as of 11:06AM Monday, April 27, 2026",,Rachel I McDonald,LECTURE,In-Person,"Our days are filled with negotiation and conflict, from everyday disputes to job negotiations, from coalition-building to boardroom bargaining. This course aims to help students improve their skills in two fundamental ways. One is knowledge-oriented: students learn concepts and frameworks for analyzing and preparing for bargaining. A second route is practice-oriented: students engage in a sequence of hands-on activities, practicing and reflecting, building self-awareness, and honing their skills for creating and claiming value.",B8510,School of Business,"Business, Journalism",20261MGMT8510B007
MGMTB8510,Spring 2026 Management B8510 section 008,MANAGERIAL NEGOTIATIONS,,008,https://doc.sis.columbia.edu/subj/MGMT/B8510-20261-008/,14565,3,R 9:00am-12:15pm 680 Kravis Hall,,"31 students (50 max) as of 11:06AM Monday, April 27, 2026",,Michael Berkebile-Weinberg,LECTURE,In-Person,"Our days are filled with negotiation and conflict, from everyday disputes to job negotiations, from coalition-building to boardroom bargaining. This course aims to help students improve their skills in two fundamental ways. One is knowledge-oriented: students learn concepts and frameworks for analyzing and preparing for bargaining. A second route is practice-oriented: students engage in a sequence of hands-on activities, practicing and reflecting, building self-awareness, and honing their skills for creating and claiming value.",B8510,School of Business,"Business, Journalism",20261MGMT8510B008
MGMTB8510,Spring 2026 Management B8510 section 009,MANAGERIAL NEGOTIATIONS,,009,https://doc.sis.columbia.edu/subj/MGMT/B8510-20261-009/,14558,3,R 2:20pm-5:35pm 880 Kravis Hall,,"41 students (50 max) as of 11:06AM Monday, April 27, 2026",,Ashli B Carter,LECTURE,In-Person,"Our days are filled with negotiation and conflict, from everyday disputes to job negotiations, from coalition-building to boardroom bargaining. This course aims to help students improve their skills in two fundamental ways. One is knowledge-oriented: students learn concepts and frameworks for analyzing and preparing for bargaining. A second route is practice-oriented: students engage in a sequence of hands-on activities, practicing and reflecting, building self-awareness, and honing their skills for creating and claiming value.",B8510,School of Business,"Business, Journalism",20261MGMT8510B009
MGMTB8511,Spring 2026 Management B8511 section 001,Turnaround Management,,001,https://doc.sis.columbia.edu/subj/MGMT/B8511-20261-001/,14490,3,M 6:00pm-9:15pm 520 GEFFEN HALL,,"42 students (50 max) as of 11:06AM Monday, April 27, 2026",,Larry Halperin,LECTURE,In-Person,"Welcome to the nexus of business: Turnaround Management! Companies, or subsidiaries within otherwise healthy companies, often are in need of a corporate turnaround or restructuring due to operational, financial, or managerial problems that arise as the companys business environment changes over time.",B8511,School of Business,"Business, Engineering:Graduate, Journalism",20261MGMT8511B001
MGMTB8518,Spring 2026 Management B8518 section 001,Foundations of Entrepreneurship,Foundations of Entreprene,001,https://doc.sis.columbia.edu/subj/MGMT/B8518-20261-001/,14555,3,M 9:00am-12:15pm 620 Kravis Hall,,"43 students (74 max) as of 11:06AM Monday, April 27, 2026",,Alan Zhang,LECTURE,In-Person,"Foundations of Entrepreneurship serves as the gateway course to the entrepreneurship curriculum at CBS. The class is designed to provide a broad survey of concepts and skills that will benefit aspiring entrepreneurs, as well as students who want to work for a startup, operate entrepreneurially within a more mature organization, invest in new ventures, or some combination thereof.",B8518,School of Business,"Business, Engineering:Graduate, SIPA, Journalism",20261MGMT8518B001
MGMTB8518,Spring 2026 Management B8518 section 002,Foundations of Entrepreneurship,Foundations of Entreprene,002,https://doc.sis.columbia.edu/subj/MGMT/B8518-20261-002/,14557,3,M 2:20pm-5:35pm 620 Kravis Hall,,"73 students (74 max) as of 11:06AM Monday, April 27, 2026",,Alan Zhang,LECTURE,In-Person,"Foundations of Entrepreneurship serves as the gateway course to the entrepreneurship curriculum at CBS. The class is designed to provide a broad survey of concepts and skills that will benefit aspiring entrepreneurs, as well as students who want to work for a startup, operate entrepreneurially within a more mature organization, invest in new ventures, or some combination thereof.",B8518,School of Business,"Business, Engineering:Graduate, Journalism",20261MGMT8518B002
MGMTB8518,Spring 2026 Management B8518 section 003,Foundations of Entrepreneurship,Foundations of Entreprene,003,https://doc.sis.columbia.edu/subj/MGMT/B8518-20261-003/,14556,3,M 6:00pm-9:15pm 620 Kravis Hall,,"57 students (74 max) as of 11:06AM Monday, April 27, 2026",,Alan Zhang,LECTURE,In-Person,"Foundations of Entrepreneurship serves as the gateway course to the entrepreneurship curriculum at CBS. The class is designed to provide a broad survey of concepts and skills that will benefit aspiring entrepreneurs, as well as students who want to work for a startup, operate entrepreneurially within a more mature organization, invest in new ventures, or some combination thereof.",B8518,School of Business,"Business, Engineering:Graduate, Journalism",20261MGMT8518B003
MGMTB8519,Spring 2026 Management B8519 section 001,Launch Your Startup,,001,https://doc.sis.columbia.edu/subj/MGMT/B8519-20261-001/,14554,3,T 6:00pm-9:15pm 820 Kravis Hall,,"41 students (50 max) as of 11:06AM Monday, April 27, 2026",,,LECTURE,In-Person,"Launch Your Startup focuses on the evaluation, development and potential launch of a new business. Working individually (or on occasion in pairs), students spend the entire term developing an effective and comprehensive presentation of a real business concept by addressing five key issues: in-depth market analysis, product or service design, development of a marketing campaign, assessment of human resource requirements and building a realistic financial forecast. The output will be a comprehensive business plan and a formal presentation of their idea.",B8519,School of Business,"Business, Engineering:Graduate, Journalism",20261MGMT8519B001
MGMTB8521,Spring 2026 Management B8521 section 001,Foundations of Family Enterprise,Foundations of Family Ent,001,https://doc.sis.columbia.edu/subj/MGMT/B8521-20261-001/,14498,3,T 9:00am-12:15pm 390 GEFFEN HALL,,"60 students (60 max) as of 11:06AM Monday, April 27, 2026",,Gaia Marchisio,LECTURE,In-Person,"Family enterprises are the most widespread and complex form of organization in the world, shaping economies, communities, and legacies alike. Taken together, they would represent the world’s third-largest economy, after only the United States and China. They account for up to 80% of companies in Europe, represent 90% of all businesses in the U.S., and generate the majority of GDP and employment in many countries worldwide. They also fuel innovation, 85% of global start-ups are built with family wealth, and create significant impact across industries and societies. Their scale and prevalence mean that no matter where students’ career takes them (whether managing their own family’s enterprise, working inside another family firm, or advising business families as a lawyer, consultant, or financial professional) students will intersect with them. For decades, it has been widely repeated that “only 3% of family enterprises survive to the third generation.” More recent research challenges this myth, showing that many families endure, and even thrive, when they approach enterprise and family challenges with a clear understanding of their interdependence across generations. This course helps students understand why that is, and how families can build strategies that not only preserve wealth but also create resilience in the enterprise, in the family, and in individuals. Because of their scale and complexity, we have designed a Family Enterprise Pathway that allows students to explore different aspects of family enterprises in depth. This course is the entry point for all of them. It provides the essential foundations for understanding the complexity of family enterprises and prepares students for deeper exploration in the rest of the pathway. At the heart of this course is a systemic approach. Family enterprises are not simply businesses with shareholders, they are systems of systems, where emotional, social, and economic dimensions intersect with ownership, governance, and strategy. By learning to see and interpret these systems, students begin to make sense of what often feels incomprehensible: why family dynamics can be both a powerful source of resilience and a potential cause of struggle. Students will explore the role of owners, succession and continuity across generations, the impact of time on individuals and enterprises, and the multiple goals and needs that shape decision-making. They will gain not only an appreciation for the unique identity of family enterprises,",B8521,School of Business,"Business, Engineering:Graduate, Journalism",20261MGMT8521B001
MGMTB8523,Spring 2026 Management B8523 section 001,Entrepreneurship Through Acqui,Entrepreneurship Through,001,https://doc.sis.columbia.edu/subj/MGMT/B8523-20261-001/,14626,1.5,R 9:00am-12:15pm 820 Kravis Hall,,"76 students (74 max) as of 11:06AM Monday, April 27, 2026",,,LECTURE,In-Person,"During this course, you will learn that buying a business is an exciting path to becoming an entrepreneur, and it can be far less risky than starting one. You can even decide to pursue this avenue immediately after graduating with your MBA. However, some of you may decide to follow this path in three or five years, or even later. Some may do so by organizing a search process, while others may end up buying the company they manage as an employee (MBO). Whatever approach you may take, this course will help you understand what it is all about.",B8523,School of Business,"Business, Engineering:Graduate, Journalism",20261MGMT8523B001
MGMTB8523,Spring 2026 Management B8523 section 002,Entrepreneurship Through Acqui,Entrepreneurship Through,002,https://doc.sis.columbia.edu/subj/MGMT/B8523-20261-002/,14625,1.5,TR 10:50am-12:20pm 820 Kravis Hall,,"70 students (74 max) as of 11:06AM Monday, April 27, 2026",,Carlos Gila,LECTURE,In-Person,"During this course, you will learn that buying a business is an exciting path to becoming an entrepreneur, and it can be far less risky than starting one. You can even decide to pursue this avenue immediately after graduating with your MBA. However, some of you may decide to follow this path in three or five years, or even later. Some may do so by organizing a search process, while others may end up buying the company they manage as an employee (MBO). Whatever approach you may take, this course will help you understand what it is all about.",B8523,School of Business,"Business, Engineering:Graduate, Journalism",20261MGMT8523B002
MGMTB8530,Spring 2026 Management B8530 section 001,Managing the Family Firm,,001,https://doc.sis.columbia.edu/subj/MGMT/B8530-20261-001/,14499,1.5,M 9:00am-12:15pm 680 Kravis Hall,,"9 students (25 max) as of 11:06AM Monday, April 27, 2026",,Michael McGrann,LECTURE,In-Person,"The Managing Family Firm class is for students interested in understanding how family firms power economies around the world, with a degree of complexity far superior to non-family companies. This course dives into those complexities head-on. Anchored in the four managerial functions (planning, organizing, leading, and controlling) the class explores how each is transformed when a family and its dynamics enter the equation. What makes this course distinctive is its perspective: students will examine planning, organizing, and controlling through the lens of their own leadership role as next-generation members, learning how to engage senior family, boards, and non-family executives with confidence. This is a course for those who will end up in operations or at the board level, where clarity about roles, strategy, and accountability is essential. We take on the hardest conversations that families often avoid: negotiating your entry into the business, defining responsibilities, structuring compensation, building accountability, and even making decisions about hiring and firing. These are not abstract issues: they are the very discussions that shape whether a family firm thrives or fractures. Students will learn both the tools to navigate these negotiations when they do want to join, and the skills to engage with confidence if they are uncertain or hesitant because these conversations feel too difficult. At the same time, the course positions these tough conversations as a pathway to building a competitive advantage as owning family. Through the resource-based view (familiness), students will see how addressing, or avoiding, these issues can create or destroy competitive advantage. They will explore how to align family values with business priorities, and how to embed impact into strategy by addressing not only profit but also people and planet. Students will also wrestle with the some of the most common paradoxes that contribute to family firms’ complexity: tradition vs. innovation, entrepreneurship vs. professionalization, family vs. non-family talent; and learn how to turn them into sources of long-term strength. Pedagogically, this is a hands-on, case-based course enriched by a live case with a family firm leader who brings the realities of operating ownership into the classroom. With rigorous frameworks, practical exercises, and guided reflection, students will leave prepared to lead strategic conversations, manage complexity, and make thoughtful decisions in the family firm context, wheth",B8530,School of Business,"Business, Engineering:Graduate, Journalism",20261MGMT8530B001
MGMTB8531,Spring 2026 Management B8531 section 001,Power & Influence,,001,https://doc.sis.columbia.edu/subj/MGMT/B8531-20261-001/,14622,3,MW 10:50am-12:20pm 410 Kravis Hall,,"44 students (40 max) as of 11:06AM Monday, April 27, 2026",,Mabel Abraham,LECTURE,In-Person,"Power and influence processes are pervasive and important in organizations, so leaders need to be able both to understand power and to act on that knowledge. Organizations are fundamentally political entities, and power and influence are key mechanisms by which things get done. Therefore, this course has three objectives: 1) to increase students' ability to diagnose and analyze power; 2) to expose students to effective and appropriate methods of influence; and 3) to explain how power and influence can be used to build cooperation and promote change in organizations.",B8531,School of Business,"Business, Engineering:Graduate, Journalism",20261MGMT8531B001
MGMTB8531,Spring 2026 Management B8531 section 002,Power & Influence,,002,https://doc.sis.columbia.edu/subj/MGMT/B8531-20261-002/,14623,3,MW 2:20pm-3:50pm 410 Kravis Hall,,"38 students (40 max) as of 11:06AM Monday, April 27, 2026",,Mabel Abraham,LECTURE,In-Person,"Power and influence processes are pervasive and important in organizations, so leaders need to be able both to understand power and to act on that knowledge. Organizations are fundamentally political entities, and power and influence are key mechanisms by which things get done. Therefore, this course has three objectives: 1) to increase students' ability to diagnose and analyze power; 2) to expose students to effective and appropriate methods of influence; and 3) to explain how power and influence can be used to build cooperation and promote change in organizations.",B8531,School of Business,"Business, Engineering:Graduate, Journalism",20261MGMT8531B002
MGMTB8531,Spring 2026 Management B8531 section 003,Power & Influence,,003,https://doc.sis.columbia.edu/subj/MGMT/B8531-20261-003/,14624,3,MW 4:10pm-5:40pm 410 Kravis Hall,,"41 students (40 max) as of 11:06AM Monday, April 27, 2026",,Mabel Abraham,LECTURE,In-Person,"Power and influence processes are pervasive and important in organizations, so leaders need to be able both to understand power and to act on that knowledge. Organizations are fundamentally political entities, and power and influence are key mechanisms by which things get done. Therefore, this course has three objectives: 1) to increase students' ability to diagnose and analyze power; 2) to expose students to effective and appropriate methods of influence; and 3) to explain how power and influence can be used to build cooperation and promote change in organizations.",B8531,School of Business,"Business, Engineering:Graduate, Journalism",20261MGMT8531B003
MGMTB8533,Spring 2026 Management B8533 section 001,Family Office Management,,001,https://doc.sis.columbia.edu/subj/MGMT/B8533-20261-001/,14468,3,M 2:20pm-5:35pm 870 Kravis Hall,,"22 students (50 max) as of 11:06AM Monday, April 27, 2026",,,LECTURE,In-Person,"According to the latest report on Family Offices run by JP Morgan, managing the family's financial assets is the primary focus of most Family Offices. However, Family Offices also recognize the importance of addressing other qualitative needs such as family governance, succession planning, and risk management. Recognizing that Family Offices may require assistance in addressing these needs, this class aims to provide students who have a Family Office or are in the process of setting one up with a comprehensive understanding of Family Offices as instrumental organizations for creating, maintaining, and managing wealth across generations.  Building upon other classes focusing on asset allocation and family enterprise decision-making, this course is devoted to identifying the key strategic decisions families must make when choosing or establishing an organization that supports a family's different capitals beyond financial assets.",B8533,School of Business,"Business, Engineering:Graduate, Journalism",20261MGMT8533B001
MGMTB8536,Spring 2026 Management B8536 section 001,Strategy and Competition in Ph,Strategy and Competition,001,https://doc.sis.columbia.edu/subj/MGMT/B8536-20261-001/,14621,1.5,TR 10:50am-12:20pm 440 Kravis Hall,,"68 students (74 max) as of 11:06AM Monday, April 27, 2026",,,LECTURE,In-Person,"This course examines the strategic, technological, competitive, economic, organizational, and political challenges impacting the pharmaceutical and biotechnology industry. Learning outcomes to be gained by the students include: •R&D - process of discovering, developing, and approving new drugs & biologics; •Regulatory environment and IP/patents; orphan drugs; generics and “biosimilars”; •Global launch and competitive market dynamics of new biopharmaceuticals – U.S. and international markets; •Oncology category: clinical/regulatory, commercial issues/pricing & reimbursement, personalized medicine/ use of biomarkers, etc. •Drug pricing and third-party reimbursement, including design of prescription drug plans, role/practices of PBMs, and drug provisions of the Inflation Reduction Act; •Unique challenges of creating, managing, and investing in early/commercial-stage biopharma companies; •Vaccines – development, regulatory, manufacturing, distribution, value/pricing; •Financial characteristics, valuation, M&A, partnering in the biopharma sector. The course is cross-functional, focuses on “real-world” problems currently facing senior managers in this sector, and identifies emerging trends that will impact future performance of “Big Pharma”, specialty pharma, and early-stage biopharmaceutical companies. This course will be useful for students interested in careers in pharmaceuticals, biotechnology, and health services, as well as management consulting, investment banking, equity research, venture capital, private equity, and investment management given the large and growing healthcare/ pharmaceutical practices of such firms. Some understanding and/or prior experience in the healthcare/pharma industry will be highly useful to understand course content and preparing writing assignments. Prominent guest speakers from the pharmaceutical and biotechnology industry will provide additional real-world insight on key industry challenges and trends. Evaluation is 20% class participation, 40% mid-term writing assignment, and 40% final paper. Final grade distributions will be consistent with School guidelines for electives (i.e., no more than 50% of grades in “H” category, and no less than 5% in “LP/P” category).",B8536,School of Business,"Business, Engineering:Graduate, Journalism",20261MGMT8536B001
MGMTB8538,Spring 2026 Management B8538 section 001,The Leader's Voice: Communicat,The Leader's Voice: Commu,001,https://doc.sis.columbia.edu/subj/MGMT/B8538-20261-001/,14614,1.5,W 6:00pm-9:15pm 820 Kravis Hall,,"33 students (36 max) as of 11:06AM Monday, April 27, 2026",,Rachel Rubenstein,LECTURE,In-Person,"First Class Attendance is Mandatory. The class is best suited to students taking leadership roles during the MBA experience (club officer, cluster officer, peer advisor, etc.). Leadership roles can involve a wide range of communication challenges mentoring a struggling colleague, persuading investors of your brand, rallying an auditorium of new employees, working the room at an industry event, handling tough questions from the media, running team meetings in ways that elicit candid conversation and learning. While all of us at CBS are strong communicators, few of us are adept at all these different kinds of communication. The goal of this class is to broaden your repertoire, to make you a more versatile communicator who can adapt your way of communicating to meet many different challenges. The world is full of communication experts: actors, screenwriters, coaches, political speechwriters, networkers, public relations experts, diplomats and so forth. This class draws on these different crafts and professions looking for tools and methods that help in the kinds of situations business leaders face. We aim to develop two kinds of knowledge--conceptual understanding and procedural skill. Each session will involve some class discussion about frameworks cases and some active participation in exercises. We rely on role-play simulations and personalized feedback (from peers and through video) to practice and polish the behavioral skills. Our first topic, for instance, is story. We introduce concepts of story structure (e.g. protagonist, five-act structure, sensory details) and apply these to topics you anticipate speaking on as a leader (e.g. Who am I? Why hire me? What makes our organization different?). Then we practice delivering our stories with impact (silence, vocal variety, visuals). Keeping this dual emphasis on concepts and performance, we move on to topics such as coaching, public speaking, networking and making an impact in small groups, facing audiences during crises, and leading meetings.",B8538,School of Business,"Business, Journalism",20261MGMT8538B001
MGMTB8538,Spring 2026 Management B8538 section 002,The Leader's Voice: Communicat,The Leader's Voice: Commu,002,https://doc.sis.columbia.edu/subj/MGMT/B8538-20261-002/,14615,1.5,R 2:20pm-5:35pm 680 Kravis Hall,,"28 students (36 max) as of 11:06AM Monday, April 27, 2026",,Natasha Velikoselskiy,LECTURE,In-Person,"First Class Attendance is Mandatory. The class is best suited to students taking leadership roles during the MBA experience (club officer, cluster officer, peer advisor, etc.). Leadership roles can involve a wide range of communication challenges mentoring a struggling colleague, persuading investors of your brand, rallying an auditorium of new employees, working the room at an industry event, handling tough questions from the media, running team meetings in ways that elicit candid conversation and learning. While all of us at CBS are strong communicators, few of us are adept at all these different kinds of communication. The goal of this class is to broaden your repertoire, to make you a more versatile communicator who can adapt your way of communicating to meet many different challenges. The world is full of communication experts: actors, screenwriters, coaches, political speechwriters, networkers, public relations experts, diplomats and so forth. This class draws on these different crafts and professions looking for tools and methods that help in the kinds of situations business leaders face. We aim to develop two kinds of knowledge--conceptual understanding and procedural skill. Each session will involve some class discussion about frameworks cases and some active participation in exercises. We rely on role-play simulations and personalized feedback (from peers and through video) to practice and polish the behavioral skills. Our first topic, for instance, is story. We introduce concepts of story structure (e.g. protagonist, five-act structure, sensory details) and apply these to topics you anticipate speaking on as a leader (e.g. Who am I? Why hire me? What makes our organization different?). Then we practice delivering our stories with impact (silence, vocal variety, visuals). Keeping this dual emphasis on concepts and performance, we move on to topics such as coaching, public speaking, networking and making an impact in small groups, facing audiences during crises, and leading meetings.",B8538,School of Business,"Business, Journalism",20261MGMT8538B002
MGMTB8538,Spring 2026 Management B8538 section 003,The Leader's Voice: Communicat,The Leader's Voice: Commu,003,https://doc.sis.columbia.edu/subj/MGMT/B8538-20261-003/,14616,1.5,M 2:20pm-5:35pm 880 Kravis Hall,,"34 students (36 max) as of 11:06AM Monday, April 27, 2026",,Bradley Aspel,LECTURE,In-Person,"First Class Attendance is Mandatory. The class is best suited to students taking leadership roles during the MBA experience (club officer, cluster officer, peer advisor, etc.). Leadership roles can involve a wide range of communication challenges mentoring a struggling colleague, persuading investors of your brand, rallying an auditorium of new employees, working the room at an industry event, handling tough questions from the media, running team meetings in ways that elicit candid conversation and learning. While all of us at CBS are strong communicators, few of us are adept at all these different kinds of communication. The goal of this class is to broaden your repertoire, to make you a more versatile communicator who can adapt your way of communicating to meet many different challenges. The world is full of communication experts: actors, screenwriters, coaches, political speechwriters, networkers, public relations experts, diplomats and so forth. This class draws on these different crafts and professions looking for tools and methods that help in the kinds of situations business leaders face. We aim to develop two kinds of knowledge--conceptual understanding and procedural skill. Each session will involve some class discussion about frameworks cases and some active participation in exercises. We rely on role-play simulations and personalized feedback (from peers and through video) to practice and polish the behavioral skills. Our first topic, for instance, is story. We introduce concepts of story structure (e.g. protagonist, five-act structure, sensory details) and apply these to topics you anticipate speaking on as a leader (e.g. Who am I? Why hire me? What makes our organization different?). Then we practice delivering our stories with impact (silence, vocal variety, visuals). Keeping this dual emphasis on concepts and performance, we move on to topics such as coaching, public speaking, networking and making an impact in small groups, facing audiences during crises, and leading meetings.",B8538,School of Business,"Business, Journalism",20261MGMT8538B003
MGMTB8538,Spring 2026 Management B8538 section 004,The Leader's Voice: Communicat,The Leader's Voice: Commu,004,https://doc.sis.columbia.edu/subj/MGMT/B8538-20261-004/,14620,1.5,M 6:00pm-9:15pm 880 Kravis Hall,,"30 students (36 max) as of 11:06AM Monday, April 27, 2026",,Bradley Aspel,LECTURE,In-Person,"First Class Attendance is Mandatory. The class is best suited to students taking leadership roles during the MBA experience (club officer, cluster officer, peer advisor, etc.). Leadership roles can involve a wide range of communication challenges mentoring a struggling colleague, persuading investors of your brand, rallying an auditorium of new employees, working the room at an industry event, handling tough questions from the media, running team meetings in ways that elicit candid conversation and learning. While all of us at CBS are strong communicators, few of us are adept at all these different kinds of communication. The goal of this class is to broaden your repertoire, to make you a more versatile communicator who can adapt your way of communicating to meet many different challenges. The world is full of communication experts: actors, screenwriters, coaches, political speechwriters, networkers, public relations experts, diplomats and so forth. This class draws on these different crafts and professions looking for tools and methods that help in the kinds of situations business leaders face. We aim to develop two kinds of knowledge--conceptual understanding and procedural skill. Each session will involve some class discussion about frameworks cases and some active participation in exercises. We rely on role-play simulations and personalized feedback (from peers and through video) to practice and polish the behavioral skills. Our first topic, for instance, is story. We introduce concepts of story structure (e.g. protagonist, five-act structure, sensory details) and apply these to topics you anticipate speaking on as a leader (e.g. Who am I? Why hire me? What makes our organization different?). Then we practice delivering our stories with impact (silence, vocal variety, visuals). Keeping this dual emphasis on concepts and performance, we move on to topics such as coaching, public speaking, networking and making an impact in small groups, facing audiences during crises, and leading meetings.",B8538,School of Business,"Business, Journalism",20261MGMT8538B004
MGMTB8538,Spring 2026 Management B8538 section 005,The Leader's Voice: Communicat,The Leader's Voice: Commu,005,https://doc.sis.columbia.edu/subj/MGMT/B8538-20261-005/,14618,1.5,W 9:00am-12:15pm 880 Kravis Hall,,"29 students (36 max) as of 11:06AM Monday, April 27, 2026",,Michael W Morris - e-mail,LECTURE,In-Person,"First Class Attendance is Mandatory. The class is best suited to students taking leadership roles during the MBA experience (club officer, cluster officer, peer advisor, etc.). Leadership roles can involve a wide range of communication challenges mentoring a struggling colleague, persuading investors of your brand, rallying an auditorium of new employees, working the room at an industry event, handling tough questions from the media, running team meetings in ways that elicit candid conversation and learning. While all of us at CBS are strong communicators, few of us are adept at all these different kinds of communication. The goal of this class is to broaden your repertoire, to make you a more versatile communicator who can adapt your way of communicating to meet many different challenges. The world is full of communication experts: actors, screenwriters, coaches, political speechwriters, networkers, public relations experts, diplomats and so forth. This class draws on these different crafts and professions looking for tools and methods that help in the kinds of situations business leaders face. We aim to develop two kinds of knowledge--conceptual understanding and procedural skill. Each session will involve some class discussion about frameworks cases and some active participation in exercises. We rely on role-play simulations and personalized feedback (from peers and through video) to practice and polish the behavioral skills. Our first topic, for instance, is story. We introduce concepts of story structure (e.g. protagonist, five-act structure, sensory details) and apply these to topics you anticipate speaking on as a leader (e.g. Who am I? Why hire me? What makes our organization different?). Then we practice delivering our stories with impact (silence, vocal variety, visuals). Keeping this dual emphasis on concepts and performance, we move on to topics such as coaching, public speaking, networking and making an impact in small groups, facing audiences during crises, and leading meetings.",B8538,School of Business,"Business, Journalism",20261MGMT8538B005
MGMTB8538,Spring 2026 Management B8538 section 006,The Leader's Voice: Communicat,The Leader's Voice: Commu,006,https://doc.sis.columbia.edu/subj/MGMT/B8538-20261-006/,14619,1.5,W 2:20pm-5:35pm 880 Kravis Hall,,"31 students (36 max) as of 11:06AM Monday, April 27, 2026",,Michael W Morris - e-mail,LECTURE,In-Person,"First Class Attendance is Mandatory. The class is best suited to students taking leadership roles during the MBA experience (club officer, cluster officer, peer advisor, etc.). Leadership roles can involve a wide range of communication challenges mentoring a struggling colleague, persuading investors of your brand, rallying an auditorium of new employees, working the room at an industry event, handling tough questions from the media, running team meetings in ways that elicit candid conversation and learning. While all of us at CBS are strong communicators, few of us are adept at all these different kinds of communication. The goal of this class is to broaden your repertoire, to make you a more versatile communicator who can adapt your way of communicating to meet many different challenges. The world is full of communication experts: actors, screenwriters, coaches, political speechwriters, networkers, public relations experts, diplomats and so forth. This class draws on these different crafts and professions looking for tools and methods that help in the kinds of situations business leaders face. We aim to develop two kinds of knowledge--conceptual understanding and procedural skill. Each session will involve some class discussion about frameworks cases and some active participation in exercises. We rely on role-play simulations and personalized feedback (from peers and through video) to practice and polish the behavioral skills. Our first topic, for instance, is story. We introduce concepts of story structure (e.g. protagonist, five-act structure, sensory details) and apply these to topics you anticipate speaking on as a leader (e.g. Who am I? Why hire me? What makes our organization different?). Then we practice delivering our stories with impact (silence, vocal variety, visuals). Keeping this dual emphasis on concepts and performance, we move on to topics such as coaching, public speaking, networking and making an impact in small groups, facing audiences during crises, and leading meetings.",B8538,School of Business,"Business, Journalism",20261MGMT8538B006
MGMTB8538,Spring 2026 Management B8538 section 007,The Leader's Voice: Communicat,The Leader's Voice: Commu,007,https://doc.sis.columbia.edu/subj/MGMT/B8538-20261-007/,14617,1.5,W 6:00pm-9:15pm 880 Kravis Hall,,"28 students (36 max) as of 11:06AM Monday, April 27, 2026",,Michael W Morris - e-mail,LECTURE,In-Person,"First Class Attendance is Mandatory. The class is best suited to students taking leadership roles during the MBA experience (club officer, cluster officer, peer advisor, etc.). Leadership roles can involve a wide range of communication challenges mentoring a struggling colleague, persuading investors of your brand, rallying an auditorium of new employees, working the room at an industry event, handling tough questions from the media, running team meetings in ways that elicit candid conversation and learning. While all of us at CBS are strong communicators, few of us are adept at all these different kinds of communication. The goal of this class is to broaden your repertoire, to make you a more versatile communicator who can adapt your way of communicating to meet many different challenges. The world is full of communication experts: actors, screenwriters, coaches, political speechwriters, networkers, public relations experts, diplomats and so forth. This class draws on these different crafts and professions looking for tools and methods that help in the kinds of situations business leaders face. We aim to develop two kinds of knowledge--conceptual understanding and procedural skill. Each session will involve some class discussion about frameworks cases and some active participation in exercises. We rely on role-play simulations and personalized feedback (from peers and through video) to practice and polish the behavioral skills. Our first topic, for instance, is story. We introduce concepts of story structure (e.g. protagonist, five-act structure, sensory details) and apply these to topics you anticipate speaking on as a leader (e.g. Who am I? Why hire me? What makes our organization different?). Then we practice delivering our stories with impact (silence, vocal variety, visuals). Keeping this dual emphasis on concepts and performance, we move on to topics such as coaching, public speaking, networking and making an impact in small groups, facing audiences during crises, and leading meetings.",B8538,School of Business,"Business, Journalism",20261MGMT8538B007
MGMTB8544,Spring 2026 Management B8544 section 001,The Nonprofit Sector & the Cit,The Nonprofit Sector & th,001,https://doc.sis.columbia.edu/subj/MGMT/B8544-20261-001/,14613,1.5,R 2:20pm-5:35pm 420 Kravis Hall,,"35 students (40 max) as of 11:06AM Monday, April 27, 2026",,Doug Bauer,LECTURE,In-Person,"There are many forces that keep cities vibrant and livable. There are two forces that are clearly visible and acknowledged - government and commerce - for the good that they generate and provide. But there is another force that is not so readily acknowledged, and yet, plays a key role in ensuring that a city not only functions but is a strong community of service, health, education, and culture. It is the nonprofit sector that supports this latter work. In New York City, nonprofits have had a long history of activity and action. Currently, there are 15,000 nonprofits in Metro New York - and over 1,500,000 in the U.S that account for than $1 trillion in revenues annually. The nonprofit sector is now the third largest industry in the country and bigger than construction, banking and telecommunications. Indeed, some of the largest employers in New York City are nonprofits: Mount Sinai Medical Center, New York Presbyterian Hospital, and Columbia University.Much is expected of the third sector - especially in urban communities. Not only to simply provide shelter for the night for the homeless, but also to tackle more complex issues such as public education reform, developing green jobs, and rethinking and reforming the juvenile justice system. But why does this matter? Because according to Robin Hood Foundation, New York City has 1.9 million adults and children living in poverty. And fair or unfair, nonprofits have been asked to try and fill the growing chasm between the haves and have-nots. In addition, the third sector is called on to tackle issues that government cannot address or is not willing to address and usually do it with fewer resources. This is quite a challenge, and some say it's impossible; the challenge is far too steep. Others argue that this countrys nonprofits are dynamic and resilient and can indeed meet the challenge - by being deeply connected to the communities they serve and being nimble enough to provide the services that are truly needed and demonstrate impact.Some questions for the class to consider: * Is the third sector a viable answer - a panacea - to many of the problems that hinder urban communities? * What would real public-private-nonprofit partnerships that can provide various services to the less fortunate look like? * What tools, tactics, and strategies does a professional working in the nonprofit sector need to succeed? * Is there enough capital in the nonprofit sector - public, private or philanthropic -- to go around? Where is it going? Why is it going there?This class explores th",B8544,School of Business,"Business, Engineering:Graduate, Journalism",20261MGMT8544B001
MGMTB8545,Spring 2026 Management B8545 section 001,High Performing Nonprofits,High Performing Nonprofit,001,https://doc.sis.columbia.edu/subj/MGMT/B8545-20261-001/,14612,1.5,R 6:00pm-9:15pm 440 Kravis Hall,,"40 students (71 max) as of 11:06AM Monday, April 27, 2026",,Anne Eidelman,LECTURE,In-Person,"The nonprofit sector is full of organizations, many of which are operating below peak performance. With unlimited ideas, low barriers to entry and decidedly limited funding, we have a sector with enormous volume and an overall lack of effectiveness. While the overall problem definition is accurate, well trod and unlikely to change, there are worthwhile remedies. The goal of the course is to study the solutions that work. We start by exploring all of the external and internal forces that cause weakness in nonprofit strategy and execution. Then we determine what factors can lead to high performance. Well review case studies and other real world examples to learn how the best nonprofits surmount significant barriers to produce great results.The course is six sessions. The first three sessions focus on the nonprofit operating environment and the central strategic issues facing nonprofits today. The next two sessions deal with finances - the over-emphasized keys to smart revenue generation and the under-emphasized importance of effective spending. The last session rivets on talent - both at the board level as well as senior staff - and how you should think about crafting a path with high impact both during and after your business education. As a newly minted MBA, your skill set will be in high demand in the sector. That said, the direct application of for profit strategies to nonprofit work has limits. Well look at where and how to take the best of private thinking, adjust it and apply it to nonprofit performance. Well question many commonly held assumptions on the sector. The course will touch on theory, but will be grounded in current practice.Whether you have past experience, current involvement or future aspirations, you should take this course if youre interested in pushing changes as an: 1.) institutional or individual donor; 2.) board member; 3.) executive director or senior leader; or 4.) management consultant. The goal is to give you the knowledge and skills to work from either inside or outside to drive nonprofits to achieve.",B8545,School of Business,"Architecture, Schools of the Arts, Business, Columbia College, Dental Medicine:Post-Grad, Dental Medicine , Engineering:Undergraduate, Engineering:Graduate, GSAS, General Studies, SIPA, Journalism, Medicine, Nursing, Public Health, Professional Studies, Social Work",20261MGMT8545B001
MGMTB8551,Spring 2026 Management B8551 section 001,Future of Work: Strategy & Leadership,Future of Work: Strat & L,001,https://doc.sis.columbia.edu/subj/MGMT/B8551-20261-001/,14494,1.5,MW 6:00pm-7:30pm 690 Kravis Hall,,"54 students (74 max) as of 11:06AM Monday, April 27, 2026",,Jeffrey Schwartz,LECTURE,In-Person,"In 2020 the world found itself accelerated into the future of work (FoW) across multiple dimensions -- challenging business leaders to expand their thinking, strategies and the models they apply to work, workforces, and workplaces. In the coming years, this acceleration will be combined with disruption leading to the re-ordering of business models, workforce ecosystems, and how people and technology partner together.",B8551,School of Business,"Architecture, Schools of the Arts, Business, Columbia College, Dental Medicine:Post-Grad, Dental Medicine , Engineering:Undergraduate, Engineering:Graduate, GSAS, General Studies, SIPA, Journalism, Medicine, Nursing, Public Health, Professional Studies, Social Work",20261MGMT8551B001
MGMTB8553,Spring 2026 Management B8553 section 001,Managerial Decision Making (Half-Term),Managerial Decision Makin,001,https://doc.sis.columbia.edu/subj/MGMT/B8553-20261-001/,14611,1.5,R 2:20pm-5:35pm 490 Kravis Hall,,"60 students (74 max) as of 11:06AM Monday, April 27, 2026",,Joe Timko,LECTURE,In-Person,"The course is designed to improve how you go about making managerial and personal decisions. The basic premise of the course is that a variety of factors can interfere with good decision-making. Some of these obstacles are at the level of the individual, some at the level of the group, and others at the level of the organization. The course emphasizes how to work through and around these various obstacles, and thereby bring about high quality decisions. The course integrates theory and practice, and will be taught by an Executive-in-Residence at Columbia Business School.",B8553,School of Business,"Business, Engineering:Graduate, Journalism",20261MGMT8553B001
MGMTB8558,Spring 2026 Management B8558 section 001,Education Leadership,,001,https://doc.sis.columbia.edu/subj/MGMT/B8558-20261-001/,14610,1.5,T 9:00am-12:15pm 830 Kravis Hall,,"20 students (28 max) as of 11:06AM Monday, April 27, 2026",,David A Rosenberg,LECTURE,In-Person,"The Education Leadership class offers students an opportunity to explore current issues and challenges facing public education in the United States. Once a world leader in educational performance, the U.S. now faces a national crisis: as a whole, the U.S. public education system does not produce students who are ready for college or competition in the global marketplace.",B8558,School of Business,"Business, Engineering:Graduate, Journalism",20261MGMT8558B001
MGMTB8561,Spring 2026 Management B8561 section 001,Entrepreneurial Law for Start-,Entrepreneurial Law for S,001,https://doc.sis.columbia.edu/subj/MGMT/B8561-20261-001/,14609,1.5,T 9:00am-12:15pm 420 Kravis Hall,,"71 students (74 max) as of 11:06AM Monday, April 27, 2026",,David Haber,LECTURE,In-Person,"Thinking about founding the next great start-up? Do you have the knowledge and experience to avoid making a mess of the core legal matters? Great! No need for this class! However, if youre looking to develop an understanding of the legal issues involved in starting an entrepreneurial venture with a focus on areas often overlooked or misunderstood by first-time founders, this course is for you! A subtitle for the course could also be how to protect your earliest assets and avoid paying your lawyer a large sum to clean up a mess"". The course is taught by a professor with over 19 years legal experience focused on early-stage technology companies (in Silicon Valley and New York) and who taught venture capital and angel finance at Columbia Business School from 2006-2013.During the course, we will explore key areas including: legal structure and choice of entity, including tax implications thereof; corporate maintenance, governance and fiduciary duties; capitalization and dilution; capital raising and the related securities laws and regulations (including the impact of the JOBS Act and crowdfunding); founder relationship issues including responsibility allocation and stockholder agreements; employee and consultant engagement; equity compensation and related valuation and tax issues; intellectual property protection and prosecution; licensing agreements and indemnification obligations. """,B8561,School of Business,"Business, Engineering:Graduate, Journalism",20261MGMT8561B001
MGMTB8573,Spring 2026 Management B8573 section 001,Global Philanthropy,,001,https://doc.sis.columbia.edu/subj/MGMT/B8573-20261-001/,14597,1.5,T 9:00am-12:15pm 440 Kravis Hall,,"47 students (66 max) as of 11:06AM Monday, April 27, 2026",,Melissa A Berman,LECTURE,In-Person,"Global philanthropy has become a significant force in recent years, including both funding from developed countries to create change in the developing world as well as the growth of philanthropy in the developing world. The funds available for global philanthropy, forecasts for its future, media attention, levels of involvement, innovative approaches, expectations, and potential - all have grown and changed tremendously in recent years. Importantly, a global culture of philanthropy has begun emerging. Thus, its important for any business school student to understand how innovations in philanthropy around the world are having an impact on social, economic and environmental developments.With this growth has come a set of important questions and challenges that this course will explore: * Given its small size compared with the for-profit and public sectors, can private philanthropy make a difference? * What gives private philanthropy its ""license to operate,"" and should it be seeking to change government policy? * How can success in tackling complex challenges and systems be defined and measured? * Do traditional models of giving actually work? Have newer models proved themselves? * What is the best path for philanthropy in developing/emerging markets?Using research, case studies and expert guests, this class will review current issues and approaches to important issues in global philanthropy, including education, livelihoods, public health and human rights. This class is intended to give MBA students the tools they need to assess opportunities and solutions as well as to become thoughtful, effective philanthropists. Specifically, students will learn to: 1. Analyze complex challenges in the developing world; 2. Evaluate the effectiveness of current programs to address these challenges; 3. Develop strategic options; and 4. Create a plan for funding and assessing results.",B8573,School of Business,"Business, Engineering:Graduate, Journalism",20261MGMT8573B001
MGMTB8577,Spring 2026 Management B8577 section 001,Think Bigger,,001,https://doc.sis.columbia.edu/subj/MGMT/B8577-20261-001/,14595,3,TR 2:20pm-3:50pm 440 GEFFEN HALL,,"43 students (60 max) as of 11:06AM Monday, April 27, 2026",,Sheena Iyengar,LECTURE,In-Person,"How do we get our best ideas? And, once we have an idea, how do we know if we should pursue it? That’s what the Think Bigger course is about: what it takes to create our best ideas. Over the last decade, modern science—in particular, neuro- and cognitive sciences—have revealed to us how creative ideas develop in the human mind. Here, I present this new knowledge to you as a six-step method called Think Bigger. In every class session, I draw on the relevant science and on many instructive examples to explain the method’s rationale and how it works in practice. We use a workshop format, where every session includes individual in-class exercises, or “creative challenges,” which enable you to develop your skills as an ideator. In addition, all students join a group project, take on an important problem facing our world, and strive to use the six-step method to generate a solution which will be showcased on the last day of class. Think Bigger is a new and unique ideation methodology only offered here at Columbia Business School. It is different from previous mainstream methods of ideation, like Design Thinking. We will use as a textbook a complete draft of Think Bigger, a book by me that will be published in April 2023.",B8577,School of Business,"Business, Engineering:Graduate, Journalism",20261MGMT8577B001
MGMTB8577,Spring 2026 Management B8577 section 002,Think Bigger,,002,https://doc.sis.columbia.edu/subj/MGMT/B8577-20261-002/,14596,3,TR 4:10pm-5:40pm 440 GEFFEN HALL,,"49 students (60 max) as of 11:06AM Monday, April 27, 2026",,Sheena Iyengar,LECTURE,In-Person,"How do we get our best ideas? And, once we have an idea, how do we know if we should pursue it? That’s what the Think Bigger course is about: what it takes to create our best ideas. Over the last decade, modern science—in particular, neuro- and cognitive sciences—have revealed to us how creative ideas develop in the human mind. Here, I present this new knowledge to you as a six-step method called Think Bigger. In every class session, I draw on the relevant science and on many instructive examples to explain the method’s rationale and how it works in practice. We use a workshop format, where every session includes individual in-class exercises, or “creative challenges,” which enable you to develop your skills as an ideator. In addition, all students join a group project, take on an important problem facing our world, and strive to use the six-step method to generate a solution which will be showcased on the last day of class. Think Bigger is a new and unique ideation methodology only offered here at Columbia Business School. It is different from previous mainstream methods of ideation, like Design Thinking. We will use as a textbook a complete draft of Think Bigger, a book by me that will be published in April 2023.",B8577,School of Business,"Business, Engineering:Graduate, Journalism",20261MGMT8577B002
MGMTB8578,Spring 2026 Management B8578 section 001,Public Policy and the Healthca,Public Policy and the Hea,001,https://doc.sis.columbia.edu/subj/MGMT/B8578-20261-001/,14594,1.5,W 6:00pm-9:15pm 620 Kravis Hall,,"69 students (74 max) as of 11:06AM Monday, April 27, 2026",,Neal Masia,LECTURE,In-Person,"The healthcare industry accounts for nearly 20% of GDP in the United States. This course will explore the links between major public policy events - for instance, healthcare reform or recent Medicare and Medicaid changes - and the financial prospects and implications for various healthcare industry sectors. Lectures will examine how current and potential public policy decisions impact the bottom line and the behavior of key industry sectors including pharmaceutical companies, hospitals, doctors, insurance companies, and others. Students will conduct research on an industry sector and a live public policy or regulatory issue of their choosing and present a report to the class from the perspective of a research analyst or industry strategy consultant. Students will be expected to use their quantitative and analytic toolkit to evaluate how a key government policy (or potential policy within the health reform context) is likely to affect the industry's fortunes and behavior going forward, with implications for investors and firm management.",B8578,School of Business,"Business, Engineering:Graduate, Journalism",20261MGMT8578B001
MGMTB8582,Spring 2026 Management B8582 section 001,Food Entrepreneurship (Full-Term),Food Entrepreneurship Ful,001,https://doc.sis.columbia.edu/subj/MGMT/B8582-20261-001/,14418,3,R 6:00pm-9:15pm 620 Kravis Hall,,"74 students (74 max) as of 11:06AM Monday, April 27, 2026",,,LECTURE,In-Person,"Food Entrepreneurship covers the basic knowledge necessary to develop a food product, restaurant/food retail businesses, and other miscellaneous food related endeavors from the initial idea through early growth. This course is focused on stage one small business success. We supplement in class learning with notable guests from all areas of the food world. The course is divided into five sections. Section 1 lays the foundation by outlining the challenges of opening and maintaining financial and personal success; and, a discussion of current food trends. We also focus on the the creative process to develop and test ideas and to define and attract the market. Section 2 is an in depth discussion on the restaurant and retail food businesses. This section approach is from new business start perspective. We begin by defining challenges of concept development, branding and operations. Then we discuss financial information and reporting that are unique to these types of food businesses. We instill a general understanding of profit or loss and strategy including industry financial benchmarks. It also covers analytical tools used to ensure success. Section 3 discusses issues of starting a food product business, covering product development, packaging, testing, and an understanding the logistics involved in sourcing ingredients, manufacturing, sales and service. Section 4 covers other food related business both on-line and location based. We discuss relationship based sensory marketing/gastrophysics. Section 5 We summarize labor issues, government regulations and laws current and future. We discuss the development of a second phase expansion strategy. In this section we create a pocket business plan.",B8582,School of Business,"Business, Engineering:Graduate, Journalism",20261MGMT8582B001
MGMTB8586,Spring 2026 Management B8586 section 001,Entrepreneurial Strategy,,001,https://doc.sis.columbia.edu/subj/MGMT/B8586-20261-001/,14593,1.5,T 2:20pm-5:35pm 440 Kravis Hall,,"72 students (74 max) as of 11:06AM Monday, April 27, 2026",,Jorge A Guzman,LECTURE,In-Person,"What is Entrepreneurial Strategy and who is this class for? Strategy Formulation taught you how to identify a competitive advantage.  But how do you create a competitive advantage when you don’t have one—such as when you’re starting out a new company or you’re entering a new market? How do you do it in the face of considerable uncertainty, with few resources, and cognizant that your initial choices matter would?  Should one achieve it only through experimentation?  Focus on execution and simple ‘go for it’? Invest in early planning? This course provides a strategy framework for growth entrepreneurship.  It is particularly focused on helping students create a sustainable competitive advantage and understand how to do so in the early uncertain stages of a startup.  The class is meant for all students, not just entrepreneurs:  while entrepreneurs and startups are the main actors of the entrepreneurial story, the skill of developing entrepreneurial strategies is critical for anyone who will lead and succeed in the innovation-driven economy of today. Students that might particularly benefit from this class include students that (a) Are or will be entrepreneurs. (b) Plan to work at a startup. (c) Plan to invest in, acquire, or sell startups. (d) Will be a consultant around innovation or entrepreneurship to larger firms. (e) Will develop new product lines or novel technologies at larger companies. In short, if you know the skills to start and grow businesses will matter your career, this class is probably for you. What economic sectors does entrepreneurial strategy focus on? We study how to create long-lasting companies with a strong competitive advantage in any sector.  In many cases, innovation and technological change plays a central role in creating this opportunity.  The class cases and examples include traditional venture-backed startups in the software and hardware spaces, more recent startups using technology to solve problems that are not obviously ‘tech’ such as emergency response and health delivery, and new companies that take changes in the technological landscape to create great companies with traditional products.",B8586,School of Business,"Business, Engineering:Graduate, Journalism",20261MGMT8586B001
MGMTB8586,Spring 2026 Management B8586 section 002,Entrepreneurial Strategy,,002,https://doc.sis.columbia.edu/subj/MGMT/B8586-20261-002/,14592,1.5,T 6:00pm-9:15pm 420 GEFFEN HALL,,"62 students (74 max) as of 11:06AM Monday, April 27, 2026",,Jorge A Guzman,LECTURE,In-Person,"What is Entrepreneurial Strategy and who is this class for? Strategy Formulation taught you how to identify a competitive advantage.  But how do you create a competitive advantage when you don’t have one—such as when you’re starting out a new company or you’re entering a new market? How do you do it in the face of considerable uncertainty, with few resources, and cognizant that your initial choices matter would?  Should one achieve it only through experimentation?  Focus on execution and simple ‘go for it’? Invest in early planning? This course provides a strategy framework for growth entrepreneurship.  It is particularly focused on helping students create a sustainable competitive advantage and understand how to do so in the early uncertain stages of a startup.  The class is meant for all students, not just entrepreneurs:  while entrepreneurs and startups are the main actors of the entrepreneurial story, the skill of developing entrepreneurial strategies is critical for anyone who will lead and succeed in the innovation-driven economy of today. Students that might particularly benefit from this class include students that (a) Are or will be entrepreneurs. (b) Plan to work at a startup. (c) Plan to invest in, acquire, or sell startups. (d) Will be a consultant around innovation or entrepreneurship to larger firms. (e) Will develop new product lines or novel technologies at larger companies. In short, if you know the skills to start and grow businesses will matter your career, this class is probably for you. What economic sectors does entrepreneurial strategy focus on? We study how to create long-lasting companies with a strong competitive advantage in any sector.  In many cases, innovation and technological change plays a central role in creating this opportunity.  The class cases and examples include traditional venture-backed startups in the software and hardware spaces, more recent startups using technology to solve problems that are not obviously ‘tech’ such as emergency response and health delivery, and new companies that take changes in the technological landscape to create great companies with traditional products.",B8586,School of Business,"Business, Engineering:Graduate, Journalism",20261MGMT8586B002
MGMTB8587,Spring 2026 Management B8587 section 001,Business Strategies for Solvin,Business Strategies for S,001,https://doc.sis.columbia.edu/subj/MGMT/B8587-20261-001/,14551,1.5,TR 10:50am-12:20pm 410 Kravis Hall,,"39 students (50 max) as of 11:06AM Monday, April 27, 2026",,Bruce Kogut,LECTURE,In-Person,"Business will be a primary contributor to solving the big social problems of the 21st century. While business strategy analyzes competition and markets, firms also pursue non-market strategies to influence politicians, and politicians seek to benefit from firms. Governments pursue not only political goals, but often pro-market strategies. This course takes a realistic variation on these themes to ask: when do firms, markets, and politics work to resolve the big social challenges of this century. These challenges are the consequences of inequality, corruption, climate change, immigration, and inclusion. The course is organized around these major challenges, ranging from income equality to immigration to the quality of work life. Our approach is to set out the argument why firms should be engaged in contributing to social and political solutions and more importantly to identifying what can be done.",B8587,School of Business,"Business, Engineering:Graduate, Journalism",20261MGMT8587B001
MGMTB8590,Spring 2026 Management B8590 section 001,People Analytics and Strategy,People Analytics and Stra,001,https://doc.sis.columbia.edu/subj/MGMT/B8590-20261-001/,14591,1.5,TR 9:00am-10:30am 690 Kravis Hall,,"51 students (74 max) as of 11:06AM Monday, April 27, 2026",,Bradford L Cowgill,LECTURE,In-Person,"People Analytics and Strategy is a course about the growing use of information technology in personnel management as a source of strategic advantage. As an approach to modern business management, People Analytics has applications across the international economy -- in both new and old firms, and in traditional employment arrangements and gig-style jobs facilitated by labor platforms.",B8590,School of Business,"Architecture, Schools of the Arts, Business, Columbia College, Dental Medicine , Engineering:Undergraduate, Engineering:Graduate, GSAS, General Studies, SIPA, Journalism, Law, Medicine, Public Health, Professional Studies, Social Work",20261MGMT8590B001
MGMTB8592,Spring 2026 Management B8592 section 001,Immersive Teamwork,,001,https://doc.sis.columbia.edu/subj/MGMT/B8592-20261-001/,14449,1.5,R 8:30am-1:00pm 680 Kravis Hall,,"34 students (38 max) as of 11:06AM Monday, April 27, 2026",,,LECTURE,In-Person,"Throughout your career, you’ll spend a substantial share of your professional time and effort as a member and/or leader of teams. This two-and-a-half day course will help you get ready to harness the potential of teams and to thrive as a team member and leader. The course relies heavily on game playing and game (re)design as avenues for understanding team dynamics. Across the course, you will not be a passive audience member or spectator, copying down someone else’s generic recipe for team success. Instead, you’ll be an active co-creator of your own individualized experience in the service of our two main course objectives: a) deepening your understanding of yourself as a team member and leader and b) building your knowledge of, and practicing behaviors related to, team dynamics and team success. Be prepared to engage in multiple forms of team activities, ranging from an intense multi-hour-long immersive simulation (a large-scale game) with coordination challenges across team roles (such as Navigator, Engineer, and Analyst) to an extended team design sprint, creating your own game modification that your team will showcase with classmates. Our learning environment will require and reward active participation, a willingness to support and engage with classmates, and a readiness to both give and receive candid, constructive feedback. Students will engage in reading and reflection both before and after our two-and-a-half days of class time. Students are urged to review the syllabus for additional details. Attendance is mandatory for the entire course.",B8592,School of Business,"Business, Engineering:Graduate, Journalism",20261MGMT8592B001
MGMTB8592,Spring 2026 Management B8592 section 002,Immersive Teamwork,,002,https://doc.sis.columbia.edu/subj/MGMT/B8592-20261-002/,14447,1.5,U 8:30am-1:00pm 680 Kravis Hall,,"38 students (38 max) as of 11:06AM Monday, April 27, 2026",,,LECTURE,In-Person,"Throughout your career, you’ll spend a substantial share of your professional time and effort as a member and/or leader of teams. This two-and-a-half day course will help you get ready to harness the potential of teams and to thrive as a team member and leader. The course relies heavily on game playing and game (re)design as avenues for understanding team dynamics. Across the course, you will not be a passive audience member or spectator, copying down someone else’s generic recipe for team success. Instead, you’ll be an active co-creator of your own individualized experience in the service of our two main course objectives: a) deepening your understanding of yourself as a team member and leader and b) building your knowledge of, and practicing behaviors related to, team dynamics and team success. Be prepared to engage in multiple forms of team activities, ranging from an intense multi-hour-long immersive simulation (a large-scale game) with coordination challenges across team roles (such as Navigator, Engineer, and Analyst) to an extended team design sprint, creating your own game modification that your team will showcase with classmates. Our learning environment will require and reward active participation, a willingness to support and engage with classmates, and a readiness to both give and receive candid, constructive feedback. Students will engage in reading and reflection both before and after our two-and-a-half days of class time. Students are urged to review the syllabus for additional details. Attendance is mandatory for the entire course.",B8592,School of Business,"Business, Engineering:Graduate, Journalism",20261MGMT8592B002
MRKTB8506,Spring 2026 Marketing B8506 section 001,Launch Your Startup II,,001,https://doc.sis.columbia.edu/subj/MRKT/B8506-20261-001/,14482,1.5,R 9:00am-12:15pm 410 Kravis Hall,,"20 students (50 max) as of 11:06AM Monday, April 27, 2026",,Steven Winshel,LECTURE,In-Person,"This course will enable you to optimize your product concept or MVP based upon iteratively produced customer input, in-class workshops, and mentoring. You will apply specific tools for conducting interviews and ethnographies. You will engage with your fellow students in small groups sparked by facilitated ideation and in 1:1 discussions with experts. In addition to course content that involves the full class, class sessions will be customized to meet individual students’ product optimization needs. To that end, the Professor will be joined in some class sessions by experts in areas directly relevant to your products. Over the six-week term, you will answer a wide array of questions that will enhance your marketplace readiness: Should the customer need you identified initially for your product be fine-tuned or more fully redefined? Is your product distinctive and compelling enough to win buyers? How should your product be improved? How do potential customers judge its value? How might your product be positioned effectively in the marketplace? Can you create a better name for your product? You will emerge from Customer Driven Product Optimization with a better sense of your target customers, a more marketable product, and fresh ways of thinking about how to convince customers to purchase it.",B8506,School of Business,"Business, Engineering:Graduate, Journalism",20261MRKT8506B001
MRKTB8605,Spring 2026 Marketing B8605 section 001,Succeeding in Consulting: from Project M,Succeeding in Consulting,001,https://doc.sis.columbia.edu/subj/MRKT/B8605-20261-001/,14435,1.5,M 2:20pm-5:35pm 890 Kravis Hall,,"52 students (60 max) as of 11:06AM Monday, April 27, 2026",,,LECTURE,In-Person,"This course provides an advanced understanding of the evolving consulting industry and the skills and critical learnings necessary to thrive at the levels of project manager through partner and senior partner. Through a combination of lectures, class exercises, panel discussions, cases, and real-life examples drawn from the instructors’ combined 50+ years of consulting experience, this course focuses on the following: - Reinforcing the problem-solving and communications principles and skills taught in B8624-001/002 - Providing a perspective on where the management consulting industry is headed and what it means for the skills required of those entering it today - Understanding the progression of skills you will be expected to master at each rung of the consulting ladder as well as the trade-offs around leaving consulting at each career stage The course’s ultimate objective is to position students for a successful run as mid-level to senior-level consultants with knowledge of how their skills will need to evolve, the subtleties of how to navigate their firms and client teams, and what it will take to thrive.",B8605,School of Business,"Architecture, Schools of the Arts, Business, Engineering:Graduate, GSAS, SIPA, Journalism, Law, Public Health, Professional Studies, Social Work",20261MRKT8605B001
MRKTB8607,Spring 2026 Marketing B8607 section 001,Strategic Consumer Insights,Strategic Consumer Insigh,001,https://doc.sis.columbia.edu/subj/MRKT/B8607-20261-001/,14441,3,T 2:20pm-5:35pm 870 Kravis Hall,,"48 students (50 max) as of 11:06AM Monday, April 27, 2026",,Michel Pham,LECTURE,In-Person,"The success of many companies and nonprofit organizationswhether they be Coca-Cola, Procter & Gamble, Samsung, BMW, Apple, Disney, or the Metropolitan Operalies in genuine insights into the minds, hearts, and behaviors of consumers. Which product is going to be a hit, and which one is going to flop? Which aging brand can be revived, and which one is doomed to die? Which product positioning is going to work? What price will consumers be willing to pay? Whats the next big market trend? How does a business become more relevant to consumers? These are just a few of the many questions that businesses constantly face and that require genuine consumer insights. While it is tempting to rely on intuition to answer these questionsafter all, arent we all consumers?history has taught us that intuitions about consumers are often ill-informed.",B8607,School of Business,"Business, Engineering:Graduate, Journalism",20261MRKT8607B001
MRKTB8607,Spring 2026 Marketing B8607 section 002,Strategic Consumer Insights,Strategic Consumer Insigh,002,https://doc.sis.columbia.edu/subj/MRKT/B8607-20261-002/,14589,3,W 2:20pm-5:35pm 870 Kravis Hall,,"48 students (50 max) as of 11:06AM Monday, April 27, 2026",,Michel Pham,LECTURE,In-Person,"The success of many companies and nonprofit organizationswhether they be Coca-Cola, Procter & Gamble, Samsung, BMW, Apple, Disney, or the Metropolitan Operalies in genuine insights into the minds, hearts, and behaviors of consumers. Which product is going to be a hit, and which one is going to flop? Which aging brand can be revived, and which one is doomed to die? Which product positioning is going to work? What price will consumers be willing to pay? Whats the next big market trend? How does a business become more relevant to consumers? These are just a few of the many questions that businesses constantly face and that require genuine consumer insights. While it is tempting to rely on intuition to answer these questionsafter all, arent we all consumers?history has taught us that intuitions about consumers are often ill-informed.",B8607,School of Business,"Business, Engineering:Graduate, Journalism",20261MRKT8607B002
MRKTB8608,Spring 2026 Marketing B8608 section 001,Tech Ethics,,001,https://doc.sis.columbia.edu/subj/MRKT/B8608-20261-001/,14443,1.5,M 2:20pm-5:35pm 390 GEFFEN HALL,,"69 students (74 max) as of 11:06AM Monday, April 27, 2026",,,LECTURE,In-Person,"How can we make ethics an advantage, not an afterthought? Leaders that prioritize responsible decision making for emerging technology products are set to excel in both the short and the long term, and those that do not understand the risks will face commercial and regulatory pitfalls. Data sits at the center of technology products. And data is no longer big, it’s colossal. 90% of all data ever created (in terms of bytes) was generated in the last 2 years alone. Users produce more data than they ever have historically while companies and open-source institutions are making that data much more accessible. And most, if not all, digital products seek to leverage data to deliver quality, useful and personalized experiences. This course will explore the ethical considerations surrounding how data is gathered, accessed and deployed when building products. We will cover the prominent issues in technology products today, including user privacy, AI based algorithms, and how data can be used to shape individual & collective behavior. We will leverage examples from case studies and current evolving events, providing students with frameworks for how to address the complex tradeoffs at the intersection of business and society.",B8608,School of Business,"Business, Engineering:Graduate, Journalism",20261MRKT8608B001
MRKTB8609,Spring 2026 Marketing B8609 section 001,Generative AI for Business (Half-Term),Generative AI for Busines,001,https://doc.sis.columbia.edu/subj/MRKT/B8609-20261-001/,14372,1.5,T 9:00am-12:15pm 890 Kravis Hall,,"61 students (74 max) as of 11:06AM Monday, April 27, 2026",,Malek A Ben Sliman,LECTURE,In-Person,"This course is for all business school students interested in leveraging Generative AI (GenAI) in their professional lives. It aims to provide an in-depth understanding of GenAI, its wide range of applications, and the value it can generate for businesses. This course discusses both the potential benefits and challenges stemming from business applications of GenAI. The course will span over six 3-hour sessions and will emphasize both theoretical and practical aspects of GenAI. The theory component will consist of lectures and discussions on key topics, based on the fast-evolving body of knowledge on Generative AI coming out of research in academia and industry. The practice component will consist of guest speakers who will share their experiences with Generative AI, student presentations, and hands-on guided work. By the end of the course, students will have a comprehensive understanding of GenAI's current applications and future possibilities, as well as practical experience in running experiments using AI models. This balance of theoretical and hands-on learning will equip students with the knowledge and skills necessary to harness the power of GenAI in their future careers.",B8609,School of Business,"Business, Engineering:Graduate, Journalism",20261MRKT8609B001
MRKTB8609,Spring 2026 Marketing B8609 section 002,Generative AI for Business (Half-Term),Generative AI for Busines,002,https://doc.sis.columbia.edu/subj/MRKT/B8609-20261-002/,14371,1.5,T 6:00pm-9:15pm 590 GEFFEN HALL,,"57 students (74 max) as of 11:06AM Monday, April 27, 2026",,Malek A Ben Sliman,LECTURE,In-Person,"This course is for all business school students interested in leveraging Generative AI (GenAI) in their professional lives. It aims to provide an in-depth understanding of GenAI, its wide range of applications, and the value it can generate for businesses. This course discusses both the potential benefits and challenges stemming from business applications of GenAI. The course will span over six 3-hour sessions and will emphasize both theoretical and practical aspects of GenAI. The theory component will consist of lectures and discussions on key topics, based on the fast-evolving body of knowledge on Generative AI coming out of research in academia and industry. The practice component will consist of guest speakers who will share their experiences with Generative AI, student presentations, and hands-on guided work. By the end of the course, students will have a comprehensive understanding of GenAI's current applications and future possibilities, as well as practical experience in running experiments using AI models. This balance of theoretical and hands-on learning will equip students with the knowledge and skills necessary to harness the power of GenAI in their future careers.",B8609,School of Business,"Business, Engineering:Graduate, Journalism",20261MRKT8609B002
MRKTB8609,Spring 2026 Marketing B8609 section 003,Generative AI for Business (Half-Term),Generative AI for Busines,003,https://doc.sis.columbia.edu/subj/MRKT/B8609-20261-003/,14370,1.5,W 9:00am-12:15pm 870 Kravis Hall,,"65 students (74 max) as of 11:06AM Monday, April 27, 2026",,Malek A Ben Sliman,LECTURE,In-Person,"This course is for all business school students interested in leveraging Generative AI (GenAI) in their professional lives. It aims to provide an in-depth understanding of GenAI, its wide range of applications, and the value it can generate for businesses. This course discusses both the potential benefits and challenges stemming from business applications of GenAI. The course will span over six 3-hour sessions and will emphasize both theoretical and practical aspects of GenAI. The theory component will consist of lectures and discussions on key topics, based on the fast-evolving body of knowledge on Generative AI coming out of research in academia and industry. The practice component will consist of guest speakers who will share their experiences with Generative AI, student presentations, and hands-on guided work. By the end of the course, students will have a comprehensive understanding of GenAI's current applications and future possibilities, as well as practical experience in running experiments using AI models. This balance of theoretical and hands-on learning will equip students with the knowledge and skills necessary to harness the power of GenAI in their future careers.",B8609,School of Business,"Business, Engineering:Graduate, Journalism",20261MRKT8609B003
MRKTB8610,Spring 2026 Marketing B8610 section 001,Growth Hacking: Scaling Your Product fro,Growth Hacking,001,https://doc.sis.columbia.edu/subj/MRKT/B8610-20261-001/,14423,3,T 6:00pm-9:15pm 840 Kravis Hall,,"73 students (74 max) as of 11:06AM Monday, April 27, 2026",,Ross Goldenberg,LECTURE,In-Person,"So, you’ve built a product, acquired early customers, and think you’ve reached product/market fit. Now what? This course is all about the part of the product life cycle that happens after you launch an MVP and after you get an initial set of happy and engaged customers. Specifically, it focuses on the methodical discipline called “growth hacking” that combines product management, product marketing, and data analytics to grow, engage, and retain a customer base and, in turn, revenue. The objective of this course is to give you a valuable “growth toolbox” to draw from that will set you up for success as you practice the art of growth in your post-MBA career, whether it be as entrepreneur, product manager, marketer, engineer, or executive, for any type or stage company that is growth-focused.",B8610,School of Business,"Business, Engineering:Graduate, Journalism",20261MRKT8610B001
MRKTB8612,Spring 2026 Marketing B8612 section 001,Premium Brand Strategy,,001,https://doc.sis.columbia.edu/subj/MRKT/B8612-20261-001/,14586,1.5,R 2:20pm-5:35pm 820 Kravis Hall,,"30 students (30 max) as of 11:06AM Monday, April 27, 2026",,Jan Patrick Kuehlwein,LECTURE,In-Person,"Why might someone invest time and pay a premium for a handbag, a hand-wash, a hotel stay or a jar of salt? And that in an environment where the internets long tail gives us seemingly infinite choices and algorithms serve up the optimal price-for-performance option?",B8612,School of Business,"Business, Engineering:Graduate, Journalism",20261MRKT8612B001
MRKTB8613,Spring 2026 Marketing B8613 section 001,Entrepreneurial Selling,,001,https://doc.sis.columbia.edu/subj/MRKT/B8613-20261-001/,14588,1.5,M 2:20pm-5:35pm 590 GEFFEN HALL,,"56 students (74 max) as of 11:06AM Monday, April 27, 2026",,Nadine Keller,LECTURE,In-Person,"Entrepreneurs often find themselves in selling situations. Whether they are selling their products or services to a customer or prospect or they are selling their company and its potential to a possible investor, the reality is that to be a successful entrepreneur one must have a solid understanding of both the sales and sales management processes.Some entrepreneurs have natural selling skills and do it well. Others have learned to do it over time. Many dont even like to think about it. But the reality is that to be a successful entrepreneur; it is critical to know how to sell and to do it in a professional manner. Whether interacting with customers, prospects, PE firms venture capitalists, strategic partners or stockholders, anyone who runs their own business needs to know how to sell and to do it effectively and professionally. This course will teach a consultative selling model that can be applied to any selling situation. But the focus will be on entrepreneurial situations. Consultative selling suggests that the individual in the selling role acts more like a consultant and clearly determines the needs, problems, and opportunities of his or her customers before making recommendations. Consultative selling suggests bringing a problem-solving attitude to every customer interaction. And consultative selling suggests that individuals in the selling role are constantly bringing their customers new and innovative ideas in addition to the products and services that their companies provide. This is something entrepreneurs can do comfortably. The course will introduce the consultative selling model and the skills that make it work. Students will learn skills in five specific areas: interpersonal skills, communication skills, presentation skills, facilitation skills, and problem solving skills. They will learn about the dynamics of the sales call. They will learn how to build meaningful relationships. They will learn how to plan for their sales calls on a micro and macro level. They will learn how to effectively follow up their sales interactions.In addition, students will be introduced to concepts like team selling, making effective joint calls, prospecting, getting appointments on the telephone and leaving effective voice mail and e-mail messages. And they will be introduced to new ways to best utilize and leverage their resources.",B8613,School of Business,"Business, Engineering:Graduate, Journalism",20261MRKT8613B001
MRKTB8615,Spring 2026 Marketing B8615 section 001,Media Marketing and Entreprene,Media Marketing and Entre,001,https://doc.sis.columbia.edu/subj/MRKT/B8615-20261-001/,14587,1.5,R 9:00am-1:00pm 440 Kravis Hall,,"72 students (74 max) as of 11:06AM Monday, April 27, 2026",,Sharad Devarajan,LECTURE,In-Person,How do entertainment properties such as Spider-Man generate billions in worldwide product sales? What made Pokemon a worldwide phenomenon? What is the future of traditional television versus digital video? How will Virtual Reality and Augmented Reality & AR shape new entertainment experiences? Can traditional publishing still create anotherHarry Potter? What are the marketing strategies used to promote independent films versus big-summer blockbusters? What are transmedia and transcreation and how are the forces of globalization and technology disrupting the entertainment eco-system? MRKTB8616,B8615,School of Business,"Business, Engineering:Graduate, Journalism",20261MRKT8615B001
MRKTB8619,Spring 2026 Marketing B8619 section 001,Behav Econ & Decision Making,Behav Econ & Decision Mak,001,https://doc.sis.columbia.edu/subj/MRKT/B8619-20261-001/,14583,3,W 9:30am-5:30pm 440 GEFFEN HALL,,"24 students (50 max) as of 11:06AM Monday, April 27, 2026",,Vicki G Morwitz,LECTURE,In-Person,"The purpose of this course is to inform future managers, analysts, consultants, and advisors of the psychological processes and biases underlying decision-making, with an emphasis on how to incorporate these insights into marketing and business strategies. This course will help you to improve the quality of your own judgments and decisions in both business and everyday life. People are poor intuitive statisticians, meaning that when they “just think” about situations for which some data or casual observations exist, they tend to make serious inferential errors, in turn leading to systematically biased decisions. We will study some errors that are particularly important for real world problems and look for easy-to-implement solutions. The class has two main facets. First, it will give you a broad overview of important results from various behavioral sciences that clarify how people make decisions. Second, it will provide you with advice about applying these findings to topics in marketing, management, and finance. Classroom time will be devoted to a combination of lectures, discussions, and exercises illustrating the main concepts.",B8619,School of Business,"Business, Engineering:Graduate, Journalism",20261MRKT8619B001
MRKTB8619,Spring 2026 Marketing B8619 section 002,Behav Econ & Decision Making,Behav Econ & Decision Mak,002,https://doc.sis.columbia.edu/subj/MRKT/B8619-20261-002/,14584,3,T 9:00am-12:15pm 870 Kravis Hall,,"50 students (74 max) as of 11:06AM Monday, April 27, 2026",,Elizabeth Friedman,LECTURE,In-Person,"The purpose of this course is to inform future managers, analysts, consultants, and advisors of the psychological processes and biases underlying decision-making, with an emphasis on how to incorporate these insights into marketing and business strategies. This course will help you to improve the quality of your own judgments and decisions in both business and everyday life. People are poor intuitive statisticians, meaning that when they “just think” about situations for which some data or casual observations exist, they tend to make serious inferential errors, in turn leading to systematically biased decisions. We will study some errors that are particularly important for real world problems and look for easy-to-implement solutions. The class has two main facets. First, it will give you a broad overview of important results from various behavioral sciences that clarify how people make decisions. Second, it will provide you with advice about applying these findings to topics in marketing, management, and finance. Classroom time will be devoted to a combination of lectures, discussions, and exercises illustrating the main concepts.",B8619,School of Business,"Architecture, Schools of the Arts, Business, Columbia College, Dental Medicine:Post-Grad, Dental Medicine , Engineering:Undergraduate, Engineering:Graduate, GSAS, General Studies, SIPA, Journalism, Medicine, Nursing, Public Health, Professional Studies, Social Work",20261MRKT8619B002
MRKTB8619,Spring 2026 Marketing B8619 section 003,Behav Econ & Decision Making,Behav Econ & Decision Mak,003,https://doc.sis.columbia.edu/subj/MRKT/B8619-20261-003/,14585,3,T 2:20pm-5:35pm 890 Kravis Hall,,"64 students (74 max) as of 11:06AM Monday, April 27, 2026",,Elizabeth Friedman,LECTURE,In-Person,"The purpose of this course is to inform future managers, analysts, consultants, and advisors of the psychological processes and biases underlying decision-making, with an emphasis on how to incorporate these insights into marketing and business strategies. This course will help you to improve the quality of your own judgments and decisions in both business and everyday life. People are poor intuitive statisticians, meaning that when they “just think” about situations for which some data or casual observations exist, they tend to make serious inferential errors, in turn leading to systematically biased decisions. We will study some errors that are particularly important for real world problems and look for easy-to-implement solutions. The class has two main facets. First, it will give you a broad overview of important results from various behavioral sciences that clarify how people make decisions. Second, it will provide you with advice about applying these findings to topics in marketing, management, and finance. Classroom time will be devoted to a combination of lectures, discussions, and exercises illustrating the main concepts.",B8619,School of Business,"Architecture, Schools of the Arts, Business, Columbia College, Dental Medicine , Engineering:Undergraduate, Engineering:Graduate, GSAS, General Studies, SIPA, Journalism, Law, Medicine, Public Health, Professional Studies, Social Work",20261MRKT8619B003
MRKTB8622,Spring 2026 Marketing B8622 section 001,Intro to User Experience,,001,https://doc.sis.columbia.edu/subj/MRKT/B8622-20261-001/,14485,1.5,T 6:00pm-9:15pm 640 GEFFEN HALL,,"53 students (74 max) as of 11:06AM Monday, April 27, 2026",,Julia Page,LECTURE,In-Person,"Creating a great user experience is essential to any business, and technology companies are using it as a secret weapon to usurp incumbent players in almost every industry. UX can be a key differentiator in that it adds a new dimension that emphasizes not only the product or service itself, but instead the consumers experience of using that product or service. It is a subtle and often misunderstood distinction with profound implications. UX is an essential skill for those interested in a career in technology and/or product management, but more generally, providing a great experience to your customers is a universal imperative for any business. This course is aimed at those without a strong technical background who want to develop knowledge and skills to get a leg up when founding or joining a technology company.",B8622,School of Business,"Business, Engineering:Graduate, Journalism",20261MRKT8622B001
MRKTB8624,Spring 2026 Marketing B8624 section 001,DRIVING STRATEGIC IMPACT,,001,https://doc.sis.columbia.edu/subj/MRKT/B8624-20261-001/,14550,1.5,T 9:00am-12:15pm 410 Kravis Hall,,"44 students (50 max) as of 11:06AM Monday, April 27, 2026",,Marco Viola,LECTURE,In-Person,"Whether you want to follow a career in consulting or just want to improve your problem-solving capabilities, this course will provide you with valuable skills to navigate both the consulting and corporate worlds. Through a combination of lectures, class exercises, case discussions and real-life examples, this course focuses on key models and frameworks used by top management consultants to better understand, diagnose, solve, recommend and implement top strategic corporate decisions. The course's ultimate objective is to develop a disciplined, structured and analytical approach to consistently help you and your clients succeed.",B8624,School of Business,"Business, Engineering:Graduate, Journalism",20261MRKT8624B001
MRKTB8629,,Section removed from the Directory of Classes,,001,https://doc.sis.columbia.edu/subj/MRKT/B8629-20261-001/,,,,,,,,,,,,,,
MRKTB8631,Spring 2026 Marketing B8631 section 001,Generative AI for Business (Full-Term),Generative AI for Busines,001,https://doc.sis.columbia.edu/subj/MRKT/B8631-20261-001/,14458,3,TWRFS 9:00am-5:00pm 890 Kravis Hall,,"73 students (74 max) as of 11:06AM Monday, April 27, 2026",,,LECTURE,In-Person,"This course is for students interested in leveraging Generative AI (GenAI) applications that go beyond personal productivity enhancement tools like ChatGPT. Our primary “target personas” are (i) B2B customers of GenAI solutions, (ii) general managers and consultants in charge of digital transformation, (iii) entrepreneurs developing GenAI solutions, (iv) investors in GenAI startups. The course aims to provide an in-depth understanding of GenAI, its wide range of applications, and the value it can generate for businesses. This course discusses both the potential benefits and challenges stemming from business applications of GenAI. The fast-evolving body of knowledge on GenAI is explored through discussions of research coming out of academia and industry, hands-on guided work and student presentations. The course is organized around the process of bringing GenAI applications to market and managing their impact on firms, consumers, society and the environment: (i) foundations of GenAI, (ii) GenAI use cases and opportunities, (iii) managing GenAI impact.",B8631,School of Business,"Business, Engineering:Graduate, Journalism",20261MRKT8631B001
MRKTB8632,Spring 2026 Marketing B8632 section 001,Digital Product Management Lab,Digital Product Managemen,001,https://doc.sis.columbia.edu/subj/MRKT/B8632-20261-001/,14678,3,W 2:20pm-5:35pm 570 GEFFEN HALL,,"32 students (32 max) as of 11:06AM Monday, April 27, 2026",,Christopher Lasala,LECTURE,In-Person,"This ""Lab"" Capstone Course is for students that seek to have careers in Product Management in firms that develop and commercialize SOFTWARE products. This course will provide students with hands-on product management experience, working directly with product managers at real companies, where teams of approximately 4 students will be paired with a unique company to solve their unique problem (each team in the class will be working with a different company). Examples of companies that have sponsored projects in the past include Disney/Hulu, Google, NBA, Amazon, LinkedIn, Spotify, New York Times, Dell and Microsoft, to name a few. Students that take this course MUST have previous exposure to, and familiarity with, the frameworks and concepts that are commonly used in Product Management. Accordingly, the pre-requisite (preferred) or co-requisite (accepted) for this course is the introductory Product Management course (MRKT B8636). If you do NOT meet the pre-requisite or co-requisite, you may request a waiver by completing this form bit.ly/3paWUvj PRIOR to registering for the class. The waiver is intended for students with existing Product Management experience who wish to enroll directly without completing MRKT B8636. We will move very quickly through the product development process and it will be challenging to deliver quality work if you are not already familiar with the PM frameworks, so please be thoughtful before registering. The Lab will provide students with the opportunity to put those best practices and frameworks into practice by applying them to real problems and opportunities offered up by the companies. Students will be assigned specific product challenges and be responsible for completing assignments across most stages of the product development cycle, from ideation through a commercialization thesis. Assignments will include the delivery of a Market Requirements Doc (MRD) and a Product Requirements Doc (PRD), culminating in a Final Presentation to company executives with the suggested MVP (likely including a Prototype), commercialization thesis and business rationale. This course is best suited for students that are motivated to work in teams (you will be evaluated by your peers during the term) and deliver high-quality work (you will be the face of CBS to third party companies).",B8632,School of Business,"Business, Engineering:Graduate, Journalism",20261MRKT8632B001
MRKTB8636,Spring 2026 Marketing B8636 section 001,Product Management (Full-Term),Product Management (Full-,001,https://doc.sis.columbia.edu/subj/MRKT/B8636-20261-001/,14545,3,TR 10:50am-12:20pm 520 GEFFEN HALL,,"72 students (74 max) as of 11:06AM Monday, April 27, 2026",,Christopher Lasala,LECTURE,In-Person,"Product management is a fast-growing field born out of the need for a single person or small team of people within an organization to own the entirety of the end-to-end product development cycle, while also understanding and reconciling product decisions with business needs. This course focuses specifically on digital product management and is intended as a primer for those interested in a product management career or those with a general interest in how technology products are made. Those who want to play at the intersection of technology, business, and management are often well-suited for product management, a role that is often referred to as “CEO of the product” but without direct control of most of the resources required to build and launch a successful product. Product managers must be proficient in a broad range of capabilities and must lead through influence, not authority. This course is aimed at those without a strong technical background who want to develop the knowledge and skills to get a leg up when joining a technology company. Students will get a strong understanding of what it means to be a product manager and its role in the organization. For those students who decide to put the skills learned from this class into practice, CBS offers a Digital Product Management Lab, a team-based experiential class that partners with member companies to address “Problems to be Solved” that require fresh product development thinking. For those students that decide against moving into PM as a career, many of the concepts and approaches covered in this class will help students in whatever path they choose.",B8636,School of Business,"Business, Engineering:Graduate, Journalism",20261MRKT8636B001
MRKTB8636,Spring 2026 Marketing B8636 section 002,Product Management (Full-Term),Product Management (Full-,002,https://doc.sis.columbia.edu/subj/MRKT/B8636-20261-002/,14543,3,TR 2:20pm-3:50pm 520 GEFFEN HALL,,"74 students (74 max) as of 11:06AM Monday, April 27, 2026",,Christopher Lasala,LECTURE,In-Person,"Product management is a fast-growing field born out of the need for a single person or small team of people within an organization to own the entirety of the end-to-end product development cycle, while also understanding and reconciling product decisions with business needs. This course focuses specifically on digital product management and is intended as a primer for those interested in a product management career or those with a general interest in how technology products are made. Those who want to play at the intersection of technology, business, and management are often well-suited for product management, a role that is often referred to as “CEO of the product” but without direct control of most of the resources required to build and launch a successful product. Product managers must be proficient in a broad range of capabilities and must lead through influence, not authority. This course is aimed at those without a strong technical background who want to develop the knowledge and skills to get a leg up when joining a technology company. Students will get a strong understanding of what it means to be a product manager and its role in the organization. For those students who decide to put the skills learned from this class into practice, CBS offers a Digital Product Management Lab, a team-based experiential class that partners with member companies to address “Problems to be Solved” that require fresh product development thinking. For those students that decide against moving into PM as a career, many of the concepts and approaches covered in this class will help students in whatever path they choose.",B8636,School of Business,"Business, Engineering:Graduate, Journalism",20261MRKT8636B002
MRKTB8636,Spring 2026 Marketing B8636 section 003,Product Management (Full-Term),Product Management (Full-,003,https://doc.sis.columbia.edu/subj/MRKT/B8636-20261-003/,14544,3,W 6:00pm-9:15pm 420 GEFFEN HALL,,"75 students (74 max) as of 11:06AM Monday, April 27, 2026",,Paul Canetti,LECTURE,In-Person,"Product management is a fast-growing field born out of the need for a single person or small team of people within an organization to own the entirety of the end-to-end product development cycle, while also understanding and reconciling product decisions with business needs. This course focuses specifically on digital product management and is intended as a primer for those interested in a product management career or those with a general interest in how technology products are made. Those who want to play at the intersection of technology, business, and management are often well-suited for product management, a role that is often referred to as “CEO of the product” but without direct control of most of the resources required to build and launch a successful product. Product managers must be proficient in a broad range of capabilities and must lead through influence, not authority. This course is aimed at those without a strong technical background who want to develop the knowledge and skills to get a leg up when joining a technology company. Students will get a strong understanding of what it means to be a product manager and its role in the organization. For those students who decide to put the skills learned from this class into practice, CBS offers a Digital Product Management Lab, a team-based experiential class that partners with member companies to address “Problems to be Solved” that require fresh product development thinking. For those students that decide against moving into PM as a career, many of the concepts and approaches covered in this class will help students in whatever path they choose.",B8636,School of Business,"Business, Engineering:Graduate, Journalism",20261MRKT8636B003
MRKTB8636,Spring 2026 Marketing B8636 section 004,Product Management (Full-Term),Product Management (Full-,004,https://doc.sis.columbia.edu/subj/MRKT/B8636-20261-004/,14546,3,R 6:00pm-9:15pm 420 GEFFEN HALL,,"51 students (74 max) as of 11:06AM Monday, April 27, 2026",,,LECTURE,In-Person,"Product management is a fast-growing field born out of the need for a single person or small team of people within an organization to own the entirety of the end-to-end product development cycle, while also understanding and reconciling product decisions with business needs. This course focuses specifically on digital product management and is intended as a primer for those interested in a product management career or those with a general interest in how technology products are made. Those who want to play at the intersection of technology, business, and management are often well-suited for product management, a role that is often referred to as “CEO of the product” but without direct control of most of the resources required to build and launch a successful product. Product managers must be proficient in a broad range of capabilities and must lead through influence, not authority. This course is aimed at those without a strong technical background who want to develop the knowledge and skills to get a leg up when joining a technology company. Students will get a strong understanding of what it means to be a product manager and its role in the organization. For those students who decide to put the skills learned from this class into practice, CBS offers a Digital Product Management Lab, a team-based experiential class that partners with member companies to address “Problems to be Solved” that require fresh product development thinking. For those students that decide against moving into PM as a career, many of the concepts and approaches covered in this class will help students in whatever path they choose.",B8636,School of Business,"Business, Engineering:Graduate, SIPA, Journalism",20261MRKT8636B004
MRKTB8640,Spring 2026 Marketing B8640 section 001,The Art of Teaming Up: Marketing Partner,The Art of Teaming Up,001,https://doc.sis.columbia.edu/subj/MRKT/B8640-20261-001/,14421,1.5,T 6:00pm-9:15pm 870 Kravis Hall,,"56 students (74 max) as of 11:06AM Monday, April 27, 2026",,Austin N Cohen,LECTURE,In-Person,"Partnerships are a critical marketing tool for businesses that plays a central role in? inter- and intra- company dynamics for organizations from startups to Fortune 500 companies. This marketing course will complement Columbia Business School’s courses on sales/selling. It is imperative to teach the value of partnerships, the frameworks that can be implemented in order to bring them to life, and the tangible, real-world elements that prepare students to enter the marketplace ready to create successful partnerships.",B8640,School of Business,"Business, Engineering:Graduate, Journalism",20261MRKT8640B001
MRKTB8641,Spring 2026 Marketing B8641 section 001,Retail Management,,001,https://doc.sis.columbia.edu/subj/MRKT/B8641-20261-001/,14437,1.5,TR 9:00am-10:30am 690 Kravis Hall,,"55 students (74 max) as of 11:06AM Monday, April 27, 2026",,Andreas Schulmeyer,LECTURE,In-Person,"The Retail Management course is designed to give students exposure to real-life situations and issues they will face in retail businesses. The course takes a CFO's perspective on decisions made by retailers on a daily basis, including pricing, merchandise curation, promotions, and inventory management. With the rise of eCommerce, the competitive environment has changed materially, forcing retailers to adjust their offline, online, and multichannel offerings to stay competitive. The sessions will focus on the range of retail operating models and the operational challenges retailers face in order to compete effectively.",B8641,School of Business,"Business, Engineering:Graduate, Journalism",20261MRKT8641B001
MRKTB8643,Spring 2026 Marketing B8643 section 001,Retail Analytics,,001,https://doc.sis.columbia.edu/subj/MRKT/B8643-20261-001/,14496,1.5,M 6:00pm-9:15pm 840 Kravis Hall,,"66 students (74 max) as of 11:06AM Monday, April 27, 2026",,Prashant Agrawal,LECTURE,In-Person,"Retail is undergoing unprecedented changes, one change being the increasing use of data and analytics to make decisions. Students in this course will delve deep into analytics applications for retail decisions for both physical stores and e-commerce. Real data will be provided for hands-on experience and a project to reinforce concepts. The concepts and tools used in the course will be a subset of what students learn in the core course, such as Statistics, Business Analytics and Marketing.",B8643,School of Business,"Business, Engineering:Graduate, Journalism",20261MRKT8643B001
MRKTB8648,Spring 2026 Marketing B8648 section 001,The Marketing of an American P,The Marketing of an Ameri,001,https://doc.sis.columbia.edu/subj/MRKT/B8648-20261-001/,14580,1.5,W 2:20pm-5:35pm 420 GEFFEN HALL,,"40 students (40 max) as of 11:06AM Monday, April 27, 2026",,Ellen Schapps,LECTURE,In-Person,"In 1952, advertising guru Rosser Reeves convinced Dwight Eisenhower that airing TV commercials on popular programs would reach more voters than other forms of advertising. Eisenhower's opponent, Adlai Stevenson, in contrast, was quoted as saying, ""The idea that you can merchandise candidates for high office like breakfast cereal is the ultimate indignity to the democratic process."" Needless to say, he was a two-time loser to Eisenhower! Therefore, as with consumer product marketing, political advertising via television was initiated emphasizing the USP or ""unique selling proposition"", the key feature that would differentiate the product (candidate) from the competition. This 6-week course will highlight the marketing principles and strategies utilized to run political campaigns in the U.S. Although the course primarily will focus on the stages of Presidential races, including polling, fundraising, communication strategies, media, and television commercial evaluation, the marketing techniques employed can be applied to congressional, state, and local elections. Students will analyze campaign case studies from the 2016, 2012, and 2008 election cycles and examine the results of the 2020 Presidential campaign and key 2022 midterm races, based on the above criteria. Relevant data pertaining to the 2024 Presidential race will also be addressed.",B8648,School of Business,"Business, Engineering:Graduate, Journalism",20261MRKT8648B001
MRKTB8649,Spring 2026 Marketing B8649 section 001,Pricing Strategies,,001,https://doc.sis.columbia.edu/subj/MRKT/B8649-20261-001/,14579,1.5,MW 2:20pm-3:50pm 390 GEFFEN HALL,,"51 students (74 max) as of 11:06AM Monday, April 27, 2026",,Asim Ansari,LECTURE,In-Person,"Pricing is one of the most powerful levers that a firm can use to maximize profits. However, this opportunity to impact profits often remains untapped as many managers do not know how to improve upon historical pricing practices within their companies and industries. This course prepares students to address both strategic and tactical pricing issues and to identify profit-boosting changes in pricing practices across a range of professional contexts as management consultants, product managers, entrepreneurs, business-unit managers and M&A advisors.",B8649,School of Business,"Business, Journalism",20261MRKT8649B001
MRKTB8654,Spring 2026 Marketing B8654 section 001,The Business of Sustainability,The Business of Sustainab,001,https://doc.sis.columbia.edu/subj/MRKT/B8654-20261-001/,14682,3,T 9:00am-12:15pm 620 Kravis Hall,,"73 students (74 max) as of 11:06AM Monday, April 27, 2026",,Silvia Bellezza,LECTURE,In-Person,"What is the ultimate responsibility of companies? Fifty years ago, the consensus was that the answer to this question should be maximizing profit and shareholders’ value. Today, however, the answer is more complex. Companies are increasingly being held accountable for environmental and social responsibilities, in addition to their economic performance. As a result, the traditional principles of marketing developed during the 20th century are also being challenged and revised to embrace sustainability as a core component of business. Sustainable marketing is the process of creating and delivering value to customers in a manner that respects or enhances both the environment and society. Through lectures, case studies, interactive discussions, and guest speakers, students in this course will learn about the principles of sustainable marketing across various industries (e.g., apparel, food, automotive, technology), as well as gain a deep understanding of the sustainable consumer. By the end of the course, students will be equipped with the knowledge and skills necessary to develop effective sustainable marketing plans that can drive positive change in the business world. In line with these learning objectives, the course is divided into three main modules: (1) Defining sustainable marketing, (2) Understanding the sustainable consumer, and (3) Developing a sustainable marketing plan.",B8654,School of Business,"Architecture, Schools of the Arts, Business, Columbia College, Dental Medicine:Post-Grad, Dental Medicine , Engineering:Undergraduate, Engineering:Graduate, GSAS, General Studies, SIPA, Journalism, Medicine, Nursing, Public Health, Professional Studies, Social Work",20261MRKT8654B001
MRKTB8662,Spring 2026 Marketing B8662 section 001,Innovate Using Design Thinking,Innovate Using Design Thi,001,https://doc.sis.columbia.edu/subj/MRKT/B8662-20261-001/,14444,3,TWRFS 9:00am-5:00pm 540 GEFFEN HALL,,"35 students (40 max) as of 11:06AM Monday, April 27, 2026",,Gita V Johar,LECTURE,In-Person,"Design thinking is a creative and systematic approach for solving problems by relying on human-centered and iterative processes. Human-centered refers to focusing on real people’s (usually customers’) needs and problems—as opposed to focusing on the problems of a demographic group or a segment. We will use methods such as observation and in-depth interviews with individual consumers to generate insights that can help us develop products/services. This emphasis on observation and interaction rather than surveys recognizes that we cannot know all the challenges faced by our customers without engaging with them directly. An iterative process refers to the notion that an initial solution need not be complete and elegant. Rather, design thinking focuses on building initial rough product prototypes that are based on deep customer understanding of “jobs to be done.” These prototypes are tested soon and often and constantly evolve. Experimentation plays a big role in testing and refining potential solutions. This course will illuminate how Design Thinking can enhance innovation activities in terms of market impact, value creation, and speed. We will partner with a client and work on a live project during the course, and the client will work closely with students during the week. The course will strengthen your individual and collaborative capabilities to identify customer needs using indirect and qualitative research, create sound concept hypotheses, and develop a prototype  that allows for meaningful feedback in a real-world environment. The course will include a combination of lectures, cases, guest speakers, and hands-on project work. The project will give you an opportunity to come up with a creative solution to problems or challenges in a particular consumer context. This is an experiential course and the block-week will be an intensive and fulfilling learning experience!",B8662,School of Business,"Business, Engineering:Graduate, Journalism",20261MRKT8662B001
MRKTB8666,Spring 2026 Marketing B8666 section 001,MEDIA PLATFORMS & CONTENT (Full-Term),MEDIA PLATFORMS & CONTENT,001,https://doc.sis.columbia.edu/subj/MRKT/B8666-20261-001/,14578,3,TR 2:20pm-5:35pm 690 Kravis Hall,,"64 students (74 max) as of 11:06AM Monday, April 27, 2026",,Miklos Sarvary,LECTURE,In-Person,"The purpose of this course is to provide an overview of the various media industries, highlight the common characteristics mentioned above and familiarize students with the key drivers of industry dynamics. Specifically, the course has three distinct objectives. First, it intends to survey the media industries to make sure that students have a broad understanding of the various media sectors. Special emphasis is given to describing the important platforms that largely define a media sectors ecosystem. The course covers all content domains, from entertainment and news to B2B content (information). Second, it intends to provide students with relevant experience in media industry analysis. This experience is important for other elective classes offered by the Media and Technology Program, which are often based on company projects within specific media sectors. Finally, it intends to discuss the fundamental drivers of the media industry in terms of consumer psychology/behavior, key economic drivers and also relevant historical background. The foundations course should be the starting point for students who intend to follow other media elective classes. While it is not strictly required, it is strongly recommended to students taking other media electives.",B8666,School of Business,"Architecture, Schools of the Arts, Business, Columbia College, Engineering:Undergraduate, Engineering:Graduate, GSAS, General Studies, SIPA, Journalism, Law, Public Health, Professional Studies, Social Work",20261MRKT8666B001
MRKTB8667,Spring 2026 Marketing B8667 section 001,Foundations of Product Innovation,Foundations of Prod Innov,001,https://doc.sis.columbia.edu/subj/MRKT/B8667-20261-001/,14548,3,M 6:00pm-9:15pm 390 GEFFEN HALL,,"24 students (50 max) as of 11:06AM Monday, April 27, 2026",,Jessica Leung,LECTURE,In-Person,"The ability to innovate plays a pivotal role in the growth and success of many areas of business. In this course, we tackle the challenge of bringing to market elegant and efficient solutions to strong customer needs. This challenge is relevant whether you work for a startup or a large company, whether you sell products or services, and whether your customers are individual consumers or companies. Throughout the course, we will provide methodologies, strategies, and tools (such as design thinking and iterative prototyping) structured around the basic steps of the innovation process:",B8667,School of Business,"Business, Engineering:Graduate, Journalism",20261MRKT8667B001
MRKTB8667,Spring 2026 Marketing B8667 section 002,Foundations of Product Innovation,Foundations of Prod Innov,002,https://doc.sis.columbia.edu/subj/MRKT/B8667-20261-002/,14547,3,W 2:20pm-5:35pm 590 GEFFEN HALL,,"45 students (50 max) as of 11:06AM Monday, April 27, 2026",,Alice Kogan,LECTURE,In-Person,"The ability to innovate plays a pivotal role in the growth and success of many areas of business. In this course, we tackle the challenge of bringing to market elegant and efficient solutions to strong customer needs. This challenge is relevant whether you work for a startup or a large company, whether you sell products or services, and whether your customers are individual consumers or companies. Throughout the course, we will provide methodologies, strategies, and tools (such as design thinking and iterative prototyping) structured around the basic steps of the innovation process:",B8667,School of Business,"Business, Engineering:Graduate, Journalism",20261MRKT8667B002
MRKTB8679,Spring 2026 Marketing B8679 section 001,Digital Marketing in the AI Era (Full-Te,Digital Marketing,001,https://doc.sis.columbia.edu/subj/MRKT/B8679-20261-001/,14577,3,TWRFS 9:00am-5:00pm 870 Kravis Hall,,"38 students (74 max) as of 11:06AM Monday, April 27, 2026",,Dante Donati,LECTURE,In-Person,"Digital marketing has become an essential component of any firms marketing strategy, but managers are still grappling with this medium which is continuously evolving as well. In this course, we will develop a systematic understanding of digital marketing by learning concepts and tools whose applicability will endure even as specific technologies and implementation procedures change. We will conduct an in-depth study of display advertising, search advertising and social media marketing, at both the tactical and strategic levels. We will invest a significant amount of time on outcome and effectiveness measurement methods and campaign evaluation metrics. Towards the end of the course, we will discuss a host of varied topics such as mobile marketing, media planning, privacy issues and digital ad fraud.",B8679,School of Business,"Business, Engineering:Graduate, Journalism",20261MRKT8679B001
MRKTB8680,Spring 2026 Marketing B8680 section 001,Digital Marketing in the AI Era (Half Te,Digital Marketing  (Half,001,https://doc.sis.columbia.edu/subj/MRKT/B8680-20261-001/,14469,1.5,MW 10:50am-12:20pm 590 GEFFEN HALL,,"69 students (74 max) as of 11:06AM Monday, April 27, 2026",,Dante Donati,LECTURE,In-Person,"Digital marketing has become an indispensable part of any firm's marketing strategy, but managers continue to face challenges in this constantly evolving medium. This half-term course offers a distinct perspective on digital marketing compared to the full-term course B8679. Students who have taken B8679 will not receive credit for this course. In this course, we will focus on developing a comprehensive understanding of digital marketing by exploring concepts and tools that will remain relevant despite the rapid changes in specific technologies and implementation procedures. We will delve into the intricacies of display advertising, search advertising, and social media marketing, examining both tactical and strategic aspects. A significant portion of the course will be dedicated to exploring outcome and effectiveness measurement methods and campaign evaluation metrics, enabling students to make data-driven decisions and optimize their digital marketing efforts. In addition to the core topics, we will also address critical issues such as mobile marketing, media planning, privacy concerns, and digital ad fraud. By the end of the course, students will have gained a well-rounded understanding of digital marketing, equipped with the knowledge and skills necessary to navigate the dynamic digital landscape effectively. This course is designed to provide a unique learning experience, distinct from the full-term course B8679, and will not grant credit to students who have already completed B8679",B8680,School of Business,"Business, Engineering:Graduate, SIPA, Journalism",20261MRKT8680B001
MRKTB8685,Spring 2026 Marketing B8685 section 001,Media and Entertainment: Strat,Media and Entertainment:,001,https://doc.sis.columbia.edu/subj/MRKT/B8685-20261-001/,14576,3,W 2:20pm-5:35pm 830 Kravis Hall,,"25 students (28 max) as of 11:06AM Monday, April 27, 2026",,Ava Seave,LECTURE,In-Person,"In “Media & Entertainment: Strategy Consulting Projects” real problems are brought to the class from real companies and their managers.  The ultimate goal is for students to help companies recognize and solve strategic media problems. The course will introduce techniques to perform strategy consulting for media companies and to teach students how to apply these techniques.  Each student will work with a team of students throughout the semester, and in the 13th week, the teams will present their findings to the sponsoring companies.",B8685,School of Business,"Business, Engineering:Graduate, Journalism",20261MRKT8685B001
MRKTB8694,Spring 2026 Marketing B8694 section 001,Building the Sales Machine,Building the Sales Machin,001,https://doc.sis.columbia.edu/subj/MRKT/B8694-20261-001/,14366,1.5,M 6:00pm-9:15pm 890 Kravis Hall,,"65 students (74 max) as of 11:06AM Monday, April 27, 2026",,,LECTURE,In-Person,"Selling is a life skill that goes far beyond the business world. Building the Sales Machine is a course in three acts focused on teaching students the foundational basics of selling then higher level concept involved in managing and running sales teams and closing with sales at the executive level of running a business. This course is designed to push students out of their comfort zones so that they not only learn important selling tools, but also learn how to apply these tools in the real world. Students will be taught and tested throughout the semester with a series of guest lectures and projects that aim to immerse them in the world of selling. Outside of the curious, students interested in starting their own companies or entering fast growing businesses in sales, marketing, or customer success roles should take this course.",B8694,School of Business,"Business, Engineering:Graduate, Journalism",20261MRKT8694B001
MRKTB9653,Spring 2026 Marketing B9653 section 001,MS Machine Learning,,001,https://doc.sis.columbia.edu/subj/MRKT/B9653-20261-001/,14382,1.5,T 6:00pm-9:00pm 390 GEFFEN HALL,,"37 students (74 max) as of 11:06AM Monday, April 27, 2026",,George Lentzas,LECTURE,In-Person,"This course is the first of two courses that will introduce students to the exciting and growing literature in machine learning / AI with a focus on applications in finance and marketing. We will cover topics such as regularization, tree methods, bagging/boosting, support vector machines and recommendation algorithms. In the process, we will review several real-world applications drawn from the areas of finance and marketing. Students are expected to be familiar with basic probability theory, linear algebra, and multiple linear regression. Some familiarity with (and willingness to learn) programming is a prerequisite as we will make extensive use of the programming language R.",B9653,School of Business,"Business, Engineering:Graduate, Journalism",20261MRKT9653B001
MRKTB9654,Spring 2026 Marketing B9654 section 001,MS Artificial Intelligence,MS Artificial Intelligenc,001,https://doc.sis.columbia.edu/subj/MRKT/B9654-20261-001/,14383,1.5,T 6:00pm-9:00pm 390 GEFFEN HALL,,"48 students (74 max) as of 11:06AM Monday, April 27, 2026",,George Lentzas,LECTURE,In-Person,"This course is the second of two courses that will introduce business students to the exciting and growing literature in Machine Learning / Artificial Intelligence, with a focus on applications in finance, marketing and business. We will cover advanced topics in neural networks, deep learning and artificial intelligence and their applications in finance, marketing and business.",B9654,School of Business,"Business, Engineering:Graduate, Journalism",20261MRKT9654B001
MRKTB9655,Spring 2026 Marketing B9655 section 001,MS Digital Marketing,,001,https://doc.sis.columbia.edu/subj/MRKT/B9655-20261-001/,14384,1.5,MW 9:00am-10:30am 590 GEFFEN HALL,,"25 students (74 max) as of 11:06AM Monday, April 27, 2026",,Dante Donati,SEMINAR,In-Person,,B9655,School of Business,"Architecture, Schools of the Arts, Business, Columbia College, Dental Medicine:Post-Grad, Dental Medicine , Engineering:Undergraduate, Engineering:Graduate, GSAS, General Studies, SIPA, Journalism, Medicine, Nursing, Public Health, Professional Studies, Social Work",20261MRKT9655B001
