Course Name,Short Name,Section,Section URL,Call Number,Points,Day/Time,Location,Enrollment,Notes,Instructor,Type,Method of Instruction,Course Description,Number,Division,Open To,Section key
Spring 2026 Industrial Engineering and Operations Research E1000 Frontiers in Operations Research and Dat,Frontiers in OR&Data Anal,001,https://doc.sis.columbia.edu/subj/IEOR/E1000-20261-001/,13267,1,F 1:30pm-2:30pm,330 Uris Hall,"57 students (60 max) as of April 27, 2026",,Yi Zhang,SEMINAR,In-Person,"Introductory course for overview of modern approaches and ideas of operations research and data analytics. Through a series of interactive sessions, students engage in activities exploring OR topics with various faculty members from the IEOR department.",E1000,School of Engineering and Applied Science: Undergrad,Engineering:Undergraduate,20261IEOR1000E001
Spring 2026 Industrial Engineering and Operations Research E2000 Data Engineering with Python,Data Engineering with Pyt,001,https://doc.sis.columbia.edu/subj/IEOR/E2000-20261-001/,13268,3,MW 2:40pm-3:55pm,303 Seeley W. Mudd Building,"58 students (58 max) as of April 27, 2026 / Full",Core course for first and second year IEOR undergrads,Yi Zhang,LECTURE,In-Person,"Introduction to essential data engineering methods. Potential topics include Arrays, Linked Lists, Stacks and Queues, Trees and Graphs, Hash Tables, Search Algorithms and Efficiency, Relational databases, SQL, NoSQL, and Data Wrangling. Practice both theory and applications using Python programming.",E2000,School of Engineering and Applied Science: Undergrad,Engineering:Undergraduate,20261IEOR2000E001
Spring 2026 Operation Research: CS-AM E2500 FOUNDATIONS OF DATA SCIENCE,FOUNDATIONS OF DATA SCIEN,001,https://doc.sis.columbia.edu/subj/ORCA/E2500-20261-001/,13321,3,F 10:10am-12:40pm,329 Pupin Laboratories,"69 students (75 max) as of April 27, 2026",For Undergraduate Students ONLY,Daniel Fernandez,LECTURE,In-Person,"Designed to provide an introduction to data science for sophomore SEAS majors. Combines three perspectives: inferential thinking, computational thinking, and real-world applications. Given data arising from some real-world phenomenon, how does one analyze that data so as to understand that phenomenon? Teaches critical concepts and skills in computer programming, statistical inference, and machine learning, in conjunction with hands-on analysis of real-world datasets such as economic data, document collections, geographical data, and social networks. At least one project will address a problem relevant to New York City.",E2500,School of Engineering and Applied Science: Undergrad,"Barnard College, Engineering:Undergraduate",20261ORCA2500E001
Spring 2026 Industrial Engineering and Operations Research E3402 PRODUCTN-INVENTORY PLAN-CONTRL,PRODUCTN-INVENTORY PLAN-C,001,https://doc.sis.columbia.edu/subj/IEOR/E3402-20261-001/,13269,4,MW 8:40am-9:55am | F 11:00am-12:00pm,310 Fayerweather | 142 Uris Hall,"14 students (90 max) as of April 27, 2026",,Ali Sadighian,LECTURE,In-Person,"For undergraduates only. Required for all undergraduate students majoring in IE, OR:EMS, OR:FE, and OR. Must be taken during (or before) the sixth semester. Inventory management and production planning. Continuous and periodic review models: optimal policies and heuristic solutions, deterministic and probabilistic demands. Material requirements planning. Aggregate planning of production, inventory, and work force. Multi-echelon integrated production-inventory systems. Production scheduling. Term project. Recitation section required.",E3402,School of Engineering and Applied Science: Undergrad,Engineering:Undergraduate,20261IEOR3402E001
Spring 2026 Industrial Engineering and Operations Research E3404 SIMULATION MODELING AND ANALYSIS,SIMULATION MODELING AND ANALYS,001,https://doc.sis.columbia.edu/subj/IEOR/E3404-20261-001/,13270,4,MW 5:40pm-6:55pm,142 Uris Hall,"76 students (90 max) as of April 27, 2026",,Yi Zhang,LECTURE,In-Person,"It is strongly advised that Stochastic modeling (IEOR E3106 or IEOR E4106) be taken before this course. This is an introductory course to simulation, a statistical sampling technique that uses the power of computers to study complex stochastic systems when analytical or numerical techniques do not suffice. The course focuses on discrete-event simulation, a general technique used to analyze a model over time and determine the relevant quantities of interest. Topics covered in the course include the generation of random numbers, sampling from given distributions, simulation of discrete-event systems, output analysis, variance reduction techniques, goodness of fit tests, and the selection of input distributions. The first half of the course is oriented toward the design and implementation of algorithms, while the second half is more theoretical in nature and relies heavily on material covered in prior probability courses. The teaching methodology consists of lectures, recitations, weekly homework, and both in-class and take-home exams. Homework almost always includes a programming component for which students are encouraged to work in teams.",E3404,School of Engineering and Applied Science: Undergrad,,20261IEOR3404E001
Spring 2026 Industrial Engineering and Operations Research E3609 ADVANCED OPTIMIZATION,,001,https://doc.sis.columbia.edu/subj/IEOR/E3609-20261-001/,13271,3,MW 1:10pm-2:25pm,602 Hamilton Hall,"67 students (80 max) as of April 27, 2026",,Bento Natura,LECTURE,In-Person,"For undergraduates only. Required for all undergraduate students majoring in IE, OR:EMS, OR:FE, and OR. This is a follow-up to IEOR E3608 and will cover advanced topics in optimization, including integer optimization, convex optimization, and optimization under uncertainty, with a strong focus on modeling, formulations, and applications.",E3609,School of Engineering and Applied Science: Undergrad,,20261IEOR3609E001
Spring 2026 Industrial Engineering and Operations Research E3658 PROBABILITY FOR ENGINEERS,,001,https://doc.sis.columbia.edu/subj/IEOR/E3658-20261-001/,13272,3,MW 10:10am-11:25am,614 Schermerhorn Hall [SCH],"112 students (115 max) as of April 27, 2026",,Daniel Lacker,LECTURE,In-Person,"Introductory course to probability theory and does not assume any prior knowledge of subject. Teaches foundations required to use probability in applications, but course itself is theoretical in nature. Basic definitions and axioms of probability and notions of independence and conditional probability introduced. Focus on random variables, both continuous and discrete, and covers topics of expectation, variance, conditional distributions, conditional expectation and variance, and moment generating functions. Also Central Limit Theorem for sums of random variables. Consists of lectures, recitations, weekly homework, and in-class exams.",E3658,School of Engineering and Applied Science: Undergrad,,20261IEOR3658E001
Spring 2026 Industrial Engineering and Operations Research E3700 Research Immersion in OR and Data Analyt,Research Immersion in OR,001,https://doc.sis.columbia.edu/subj/IEOR/E3700-20261-001/,13273,3,T 4:10pm-6:40pm,326 Uris Hall,"8 students (30 max) as of April 27, 2026","Must have completed IEOR E3608 (pre-requisite), Students mus",Adam N Elmachtoub,LECTURE,In-Person,"An overview of active research areas in Operations Research and Data Analytics, and an introduction to the essential components of research studies. This course helps students develop fundamental research skills, including paper reading, problem formulation, problem-solving, scientific writing, and research presentation. Classes are in seminar format, with students analyzing research papers, developing research projects, and presenting research findings.",E3700,School of Engineering and Applied Science: Undergrad,,20261IEOR3700E001
Spring 2026 Industrial Engineering and Operations Research E3900 UNDERGRAD RESEARCH OR PROJECT,UNDERGRAD RESEARCH OR PRO,001,https://doc.sis.columbia.edu/subj/IEOR/E3900-20261-001/,13443,1-3,,,"0 students (40 max) as of April 27, 2026",,Anish Agarwal,INDEPENDENT,In-Person,"Independent work involving experiments, computer programming, analytical investigation, or engineering design.",E3900,School of Engineering and Applied Science: Undergrad,Engineering:Undergraduate,20261IEOR3900E001
Spring 2026 Industrial Engineering and Operations Research E3900 UNDERGRAD RESEARCH OR PROJECT,UNDERGRAD RESEARCH OR PRO,002,https://doc.sis.columbia.edu/subj/IEOR/E3900-20261-002/,13445,1-3,,,"0 students (40 max) as of April 27, 2026",,Shipra Agrawal,INDEPENDENT,In-Person,"Independent work involving experiments, computer programming, analytical investigation, or engineering design.",E3900,School of Engineering and Applied Science: Undergrad,Engineering:Undergraduate,20261IEOR3900E002
Spring 2026 Industrial Engineering and Operations Research E3900 UNDERGRAD RESEARCH OR PROJECT,UNDERGRAD RESEARCH OR PRO,003,https://doc.sis.columbia.edu/subj/IEOR/E3900-20261-003/,13446,1-3,,,"0 students (40 max) as of April 27, 2026",,Eric Balkanski,INDEPENDENT,In-Person,"Independent work involving experiments, computer programming, analytical investigation, or engineering design.",E3900,School of Engineering and Applied Science: Undergrad,Engineering:Undergraduate,20261IEOR3900E003
Spring 2026 Industrial Engineering and Operations Research E3900 UNDERGRAD RESEARCH OR PROJECT,UNDERGRAD RESEARCH OR PRO,004,https://doc.sis.columbia.edu/subj/IEOR/E3900-20261-004/,13448,1-3,,,"0 students (40 max) as of April 27, 2026",,Daniel Bienstock,INDEPENDENT,In-Person,"Independent work involving experiments, computer programming, analytical investigation, or engineering design.",E3900,School of Engineering and Applied Science: Undergrad,Engineering:Undergraduate,20261IEOR3900E004
Spring 2026 Industrial Engineering and Operations Research E3900 UNDERGRAD RESEARCH OR PROJECT,UNDERGRAD RESEARCH OR PRO,005,https://doc.sis.columbia.edu/subj/IEOR/E3900-20261-005/,13449,1-3,,,"0 students (40 max) as of April 27, 2026",,Agostino Capponi,INDEPENDENT,In-Person,"Independent work involving experiments, computer programming, analytical investigation, or engineering design.",E3900,School of Engineering and Applied Science: Undergrad,Engineering:Undergraduate,20261IEOR3900E005
Spring 2026 Industrial Engineering and Operations Research E3900 UNDERGRAD RESEARCH OR PROJECT,UNDERGRAD RESEARCH OR PRO,006,https://doc.sis.columbia.edu/subj/IEOR/E3900-20261-006/,13451,1-3,,,"0 students (40 max) as of April 27, 2026",,Rachel Cummings,INDEPENDENT,In-Person,"Independent work involving experiments, computer programming, analytical investigation, or engineering design.",E3900,School of Engineering and Applied Science: Undergrad,Engineering:Undergraduate,20261IEOR3900E006
Spring 2026 Industrial Engineering and Operations Research E3900 UNDERGRAD RESEARCH OR PROJECT,UNDERGRAD RESEARCH OR PRO,007,https://doc.sis.columbia.edu/subj/IEOR/E3900-20261-007/,13453,1-3,,,"0 students (40 max) as of April 27, 2026",,Antonius B Dieker,INDEPENDENT,In-Person,"Independent work involving experiments, computer programming, analytical investigation, or engineering design.",E3900,School of Engineering and Applied Science: Undergrad,Engineering:Undergraduate,20261IEOR3900E007
Spring 2026 Industrial Engineering and Operations Research E3900 UNDERGRAD RESEARCH OR PROJECT,UNDERGRAD RESEARCH OR PRO,008,https://doc.sis.columbia.edu/subj/IEOR/E3900-20261-008/,13454,1-3,,,"0 students (40 max) as of April 27, 2026",,Adam N Elmachtoub,INDEPENDENT,In-Person,"Independent work involving experiments, computer programming, analytical investigation, or engineering design.",E3900,School of Engineering and Applied Science: Undergrad,Engineering:Undergraduate,20261IEOR3900E008
Spring 2026 Industrial Engineering and Operations Research E3900 UNDERGRAD RESEARCH OR PROJECT,UNDERGRAD RESEARCH OR PRO,009,https://doc.sis.columbia.edu/subj/IEOR/E3900-20261-009/,13456,1-3,,,"0 students (40 max) as of April 27, 2026",,Yuri Faenza,INDEPENDENT,In-Person,"Independent work involving experiments, computer programming, analytical investigation, or engineering design.",E3900,School of Engineering and Applied Science: Undergrad,Engineering:Undergraduate,20261IEOR3900E009
Spring 2026 Industrial Engineering and Operations Research E3900 UNDERGRAD RESEARCH OR PROJECT,UNDERGRAD RESEARCH OR PRO,010,https://doc.sis.columbia.edu/subj/IEOR/E3900-20261-010/,13457,1-3,,,"0 students (40 max) as of April 27, 2026",,Vineet Goyal,INDEPENDENT,In-Person,"Independent work involving experiments, computer programming, analytical investigation, or engineering design.",E3900,School of Engineering and Applied Science: Undergrad,Engineering:Undergraduate,20261IEOR3900E010
Spring 2026 Industrial Engineering and Operations Research E3900 UNDERGRAD RESEARCH OR PROJECT,UNDERGRAD RESEARCH OR PRO,011,https://doc.sis.columbia.edu/subj/IEOR/E3900-20261-011/,13458,1-3,,,"0 students (40 max) as of April 27, 2026",,Ali Hirsa,INDEPENDENT,In-Person,"Independent work involving experiments, computer programming, analytical investigation, or engineering design.",E3900,School of Engineering and Applied Science: Undergrad,Engineering:Undergraduate,20261IEOR3900E011
Spring 2026 Industrial Engineering and Operations Research E3900 UNDERGRAD RESEARCH OR PROJECT,UNDERGRAD RESEARCH OR PRO,012,https://doc.sis.columbia.edu/subj/IEOR/E3900-20261-012/,13460,1-3,,,"0 students (40 max) as of April 27, 2026",,Anran Hu,INDEPENDENT,In-Person,"Independent work involving experiments, computer programming, analytical investigation, or engineering design.",E3900,School of Engineering and Applied Science: Undergrad,Engineering:Undergraduate,20261IEOR3900E012
Spring 2026 Industrial Engineering and Operations Research E3900 UNDERGRAD RESEARCH OR PROJECT,UNDERGRAD RESEARCH OR PRO,013,https://doc.sis.columbia.edu/subj/IEOR/E3900-20261-013/,13462,1-3,,,"0 students (40 max) as of April 27, 2026",,Garud Iyengar,INDEPENDENT,In-Person,"Independent work involving experiments, computer programming, analytical investigation, or engineering design.",E3900,School of Engineering and Applied Science: Undergrad,Engineering:Undergraduate,20261IEOR3900E013
Spring 2026 Industrial Engineering and Operations Research E3900 UNDERGRAD RESEARCH OR PROJECT,UNDERGRAD RESEARCH OR PRO,014,https://doc.sis.columbia.edu/subj/IEOR/E3900-20261-014/,13463,1-3,,,"0 students (40 max) as of April 27, 2026",,Hardeep Johar,INDEPENDENT,In-Person,"Independent work involving experiments, computer programming, analytical investigation, or engineering design.",E3900,School of Engineering and Applied Science: Undergrad,Engineering:Undergraduate,20261IEOR3900E014
Spring 2026 Industrial Engineering and Operations Research E3900 UNDERGRAD RESEARCH OR PROJECT,UNDERGRAD RESEARCH OR PRO,015,https://doc.sis.columbia.edu/subj/IEOR/E3900-20261-015/,13465,1-3,,,"0 students (40 max) as of April 27, 2026",,Cedric Josz,INDEPENDENT,In-Person,"Independent work involving experiments, computer programming, analytical investigation, or engineering design.",E3900,School of Engineering and Applied Science: Undergrad,Engineering:Undergraduate,20261IEOR3900E015
Spring 2026 Industrial Engineering and Operations Research E3900 UNDERGRAD RESEARCH OR PROJECT,UNDERGRAD RESEARCH OR PRO,016,https://doc.sis.columbia.edu/subj/IEOR/E3900-20261-016/,13466,1-3,,,"7 students (40 max) as of April 27, 2026",,Soulaymane Kachani,INDEPENDENT,In-Person,"Independent work involving experiments, computer programming, analytical investigation, or engineering design.",E3900,School of Engineering and Applied Science: Undergrad,Engineering:Undergraduate,20261IEOR3900E016
Spring 2026 Industrial Engineering and Operations Research E3900 UNDERGRAD RESEARCH OR PROJECT,UNDERGRAD RESEARCH OR PRO,017,https://doc.sis.columbia.edu/subj/IEOR/E3900-20261-017/,13468,1-3,,,"2 students (40 max) as of April 27, 2026",,Yaren Kaya,INDEPENDENT,In-Person,"Independent work involving experiments, computer programming, analytical investigation, or engineering design.",E3900,School of Engineering and Applied Science: Undergrad,,20261IEOR3900E017
Spring 2026 Industrial Engineering and Operations Research E3900 UNDERGRAD RESEARCH OR PROJECT,UNDERGRAD RESEARCH OR PRO,018,https://doc.sis.columbia.edu/subj/IEOR/E3900-20261-018/,13469,1-3,,,"0 students (40 max) as of April 27, 2026",,Christian Kroer,INDEPENDENT,In-Person,"Independent work involving experiments, computer programming, analytical investigation, or engineering design.",E3900,School of Engineering and Applied Science: Undergrad,"Barnard College, Engineering:Undergraduate",20261IEOR3900E018
Spring 2026 Industrial Engineering and Operations Research E3900 UNDERGRAD RESEARCH OR PROJECT,UNDERGRAD RESEARCH OR PRO,019,https://doc.sis.columbia.edu/subj/IEOR/E3900-20261-019/,13471,1-3,,,"0 students (40 max) as of April 27, 2026",,Daniel Lacker,INDEPENDENT,In-Person,"Independent work involving experiments, computer programming, analytical investigation, or engineering design.",E3900,School of Engineering and Applied Science: Undergrad,Engineering:Undergraduate,20261IEOR3900E019
Spring 2026 Industrial Engineering and Operations Research E3900 UNDERGRAD RESEARCH OR PROJECT,UNDERGRAD RESEARCH OR PRO,020,https://doc.sis.columbia.edu/subj/IEOR/E3900-20261-020/,13472,1-3,,,"0 students (40 max) as of April 27, 2026",,Henry Lam,INDEPENDENT,In-Person,"Independent work involving experiments, computer programming, analytical investigation, or engineering design.",E3900,School of Engineering and Applied Science: Undergrad,Engineering:Undergraduate,20261IEOR3900E020
Spring 2026 Industrial Engineering and Operations Research E3900 UNDERGRAD RESEARCH OR PROJECT,UNDERGRAD RESEARCH OR PRO,021,https://doc.sis.columbia.edu/subj/IEOR/E3900-20261-021/,13474,1-3,,,"0 students (40 max) as of April 27, 2026",,Fabrizio Lecci,INDEPENDENT,In-Person,"Independent work involving experiments, computer programming, analytical investigation, or engineering design.",E3900,School of Engineering and Applied Science: Undergrad,Engineering:Undergraduate,20261IEOR3900E021
Spring 2026 Industrial Engineering and Operations Research E3900 UNDERGRAD RESEARCH OR PROJECT,UNDERGRAD RESEARCH OR PRO,022,https://doc.sis.columbia.edu/subj/IEOR/E3900-20261-022/,13475,1-3,,,"0 students (40 max) as of April 27, 2026",,Tianyi Lin,INDEPENDENT,In-Person,"Independent work involving experiments, computer programming, analytical investigation, or engineering design.",E3900,School of Engineering and Applied Science: Undergrad,Engineering:Undergraduate,20261IEOR3900E022
Spring 2026 Industrial Engineering and Operations Research E3900 UNDERGRAD RESEARCH OR PROJECT,UNDERGRAD RESEARCH OR PRO,023,https://doc.sis.columbia.edu/subj/IEOR/E3900-20261-023/,13476,1-3,,,"0 students (40 max) as of April 27, 2026",,Uday Menon,INDEPENDENT,In-Person,"Independent work involving experiments, computer programming, analytical investigation, or engineering design.",E3900,School of Engineering and Applied Science: Undergrad,Engineering:Undergraduate,20261IEOR3900E023
Spring 2026 Industrial Engineering and Operations Research E3900 UNDERGRAD RESEARCH OR PROJECT,UNDERGRAD RESEARCH OR PRO,024,https://doc.sis.columbia.edu/subj/IEOR/E3900-20261-024/,13477,1-3,,,"0 students (40 max) as of April 27, 2026",,Bento Natura,INDEPENDENT,In-Person,"Independent work involving experiments, computer programming, analytical investigation, or engineering design.",E3900,School of Engineering and Applied Science: Undergrad,Engineering:Undergraduate,20261IEOR3900E024
Spring 2026 Industrial Engineering and Operations Research E3900 UNDERGRAD RESEARCH OR PROJECT,UNDERGRAD RESEARCH OR PRO,025,https://doc.sis.columbia.edu/subj/IEOR/E3900-20261-025/,13478,1-3,,,"0 students (40 max) as of April 27, 2026",,Jay Sethuraman,INDEPENDENT,In-Person,"Independent work involving experiments, computer programming, analytical investigation, or engineering design.",E3900,School of Engineering and Applied Science: Undergrad,Engineering:Undergraduate,20261IEOR3900E025
Spring 2026 Industrial Engineering and Operations Research E3900 UNDERGRAD RESEARCH OR PROJECT,UNDERGRAD RESEARCH OR PRO,026,https://doc.sis.columbia.edu/subj/IEOR/E3900-20261-026/,13479,1-3,,,"0 students (40 max) as of April 27, 2026",,Karl Sigman,INDEPENDENT,In-Person,"Independent work involving experiments, computer programming, analytical investigation, or engineering design.",E3900,School of Engineering and Applied Science: Undergrad,Engineering:Undergraduate,20261IEOR3900E026
Spring 2026 Industrial Engineering and Operations Research E3900 UNDERGRAD RESEARCH OR PROJECT,UNDERGRAD RESEARCH OR PRO,027,https://doc.sis.columbia.edu/subj/IEOR/E3900-20261-027/,13480,1-3,,,"2 students (40 max) as of April 27, 2026",,Eric Stratman,INDEPENDENT,In-Person,"Independent work involving experiments, computer programming, analytical investigation, or engineering design.",E3900,School of Engineering and Applied Science: Undergrad,Engineering:Undergraduate,20261IEOR3900E027
Spring 2026 Industrial Engineering and Operations Research E3900 UNDERGRAD RESEARCH OR PROJECT,UNDERGRAD RESEARCH OR PRO,028,https://doc.sis.columbia.edu/subj/IEOR/E3900-20261-028/,13481,1-3,,,"1 student (40 max) as of April 27, 2026",,Clifford Stein,INDEPENDENT,In-Person,"Independent work involving experiments, computer programming, analytical investigation, or engineering design.",E3900,School of Engineering and Applied Science: Undergrad,Engineering:Undergraduate,20261IEOR3900E028
Spring 2026 Industrial Engineering and Operations Research E3900 UNDERGRAD RESEARCH OR PROJECT,UNDERGRAD RESEARCH OR PRO,029,https://doc.sis.columbia.edu/subj/IEOR/E3900-20261-029/,13559,1-3,,,"0 students (40 max) as of April 27, 2026",,Kaizheng Wang,INDEPENDENT,In-Person,"Independent work involving experiments, computer programming, analytical investigation, or engineering design.",E3900,School of Engineering and Applied Science: Undergrad,Engineering:Undergraduate,20261IEOR3900E029
Spring 2026 Industrial Engineering and Operations Research E3900 UNDERGRAD RESEARCH OR PROJECT,UNDERGRAD RESEARCH OR PRO,030,https://doc.sis.columbia.edu/subj/IEOR/E3900-20261-030/,13482,1-3,,,"0 students (40 max) as of April 27, 2026",,Wenpin Tang,INDEPENDENT,In-Person,"Independent work involving experiments, computer programming, analytical investigation, or engineering design.",E3900,School of Engineering and Applied Science: Undergrad,Engineering:Undergraduate,20261IEOR3900E030
Spring 2026 Industrial Engineering and Operations Research E3900 UNDERGRAD RESEARCH OR PROJECT,UNDERGRAD RESEARCH OR PRO,031,https://doc.sis.columbia.edu/subj/IEOR/E3900-20261-031/,13483,1-3,,,"0 students (40 max) as of April 27, 2026",,Kaizheng Wang,INDEPENDENT,In-Person,"Independent work involving experiments, computer programming, analytical investigation, or engineering design.",E3900,School of Engineering and Applied Science: Undergrad,Engineering:Undergraduate,20261IEOR3900E031
Spring 2026 Industrial Engineering and Operations Research E3900 UNDERGRAD RESEARCH OR PROJECT,UNDERGRAD RESEARCH OR PRO,032,https://doc.sis.columbia.edu/subj/IEOR/E3900-20261-032/,13484,1-3,,,"2 students (40 max) as of April 27, 2026",,Lily Xu,INDEPENDENT,In-Person,"Independent work involving experiments, computer programming, analytical investigation, or engineering design.",E3900,School of Engineering and Applied Science: Undergrad,Engineering:Undergraduate,20261IEOR3900E032
Spring 2026 Industrial Engineering and Operations Research E3900 UNDERGRAD RESEARCH OR PROJECT,UNDERGRAD RESEARCH OR PRO,033,https://doc.sis.columbia.edu/subj/IEOR/E3900-20261-033/,13485,1-3,,,"0 students (10 max) as of April 27, 2026",,David D Yao,INDEPENDENT,In-Person,"Independent work involving experiments, computer programming, analytical investigation, or engineering design.",E3900,School of Engineering and Applied Science: Undergrad,Engineering:Undergraduate,20261IEOR3900E033
Spring 2026 Industrial Engineering and Operations Research E3900 UNDERGRAD RESEARCH OR PROJECT,UNDERGRAD RESEARCH OR PRO,034,https://doc.sis.columbia.edu/subj/IEOR/E3900-20261-034/,13489,1-3,,,"0 students (20 max) as of April 27, 2026",,Yi Zhang,INDEPENDENT,In-Person,"Independent work involving experiments, computer programming, analytical investigation, or engineering design.",E3900,School of Engineering and Applied Science: Undergrad,,20261IEOR3900E034
Spring 2026 Industrial Engineering and Operations Research E3900 UNDERGRAD RESEARCH OR PROJECT,UNDERGRAD RESEARCH OR PRO,035,https://doc.sis.columbia.edu/subj/IEOR/E3900-20261-035/,13529,1-3,,,"0 students (20 max) as of April 27, 2026",,Xunyu Zhou,INDEPENDENT,In-Person,"Independent work involving experiments, computer programming, analytical investigation, or engineering design.",E3900,School of Engineering and Applied Science: Undergrad,,20261IEOR3900E035
Spring 2026 Industrial Engineering and Operations Research E3900 UNDERGRAD RESEARCH OR PROJECT,UNDERGRAD RESEARCH OR PRO,036,https://doc.sis.columbia.edu/subj/IEOR/E3900-20261-036/,13530,1-3,,,"1 student (20 max) as of April 27, 2026",,Harry West,INDEPENDENT,In-Person,"Independent work involving experiments, computer programming, analytical investigation, or engineering design.",E3900,School of Engineering and Applied Science: Undergrad,,20261IEOR3900E036
Spring 2026 Industrial Engineering and Operations Research E3900 UNDERGRAD RESEARCH OR PROJECT,UNDERGRAD RESEARCH OR PRO,037,https://doc.sis.columbia.edu/subj/IEOR/E3900-20261-037/,13532,1-3,,,"0 students (20 max) as of April 27, 2026",,Kelly Katsigris,INDEPENDENT,In-Person,"Independent work involving experiments, computer programming, analytical investigation, or engineering design.",E3900,School of Engineering and Applied Science: Undergrad,,20261IEOR3900E037
Spring 2026 Industrial Engineering and Operations Research E3999 FIELDWORK,,001,https://doc.sis.columbia.edu/subj/IEOR/E3999-20261-001/,13289,1-2,,,"3 students (50 max) as of April 27, 2026",,,INDEPENDENT,In-Person,Final reports are required. This course may not be taken for pass/fail credit or audited.,E3999,School of Engineering and Applied Science: Graduate,Engineering:Undergraduate,20261IEOR3999E001
Spring 2026 Industrial Engineering and Operations Research E4004 OPTIMIZATION MODELS AND METHODS,OPTIMIZATION MODELS AND M,001,https://doc.sis.columbia.edu/subj/IEOR/E4004-20261-001/,13274,3,MW 1:10pm-2:25pm,428 Pupin Laboratories,"140 students (140 max) as of April 27, 2026 / Full",,Yaren Kaya,LECTURE,In-Person,"A graduate course only for MS&E, IE, and OR students. This is also required for students in the Undergraduate Advanced Track. For students who have not studied linear programming. Some of the main methods used in IEOR applications involving deterministic models: linear programming, the simplex method, nonlinear, integer and dynamic programming.",E4004,School of Engineering and Applied Science: Graduate,Engineering:Graduate,20261IEOR4004E001
Spring 2026 Industrial Engineering and Operations Research E4004 OPTIMIZATION MODELS AND METHODS,OPTIMIZATION MODELS AND M,002,https://doc.sis.columbia.edu/subj/IEOR/E4004-20261-002/,13276,3,MW 4:10pm-5:25pm,207 Mathematics Building,"127 students (147 max) as of April 27, 2026",,Yaren Kaya,LECTURE,In-Person,"A graduate course only for MS&E, IE, and OR students. This is also required for students in the Undergraduate Advanced Track. For students who have not studied linear programming. Some of the main methods used in IEOR applications involving deterministic models: linear programming, the simplex method, nonlinear, integer and dynamic programming.",E4004,School of Engineering and Applied Science: Graduate,Engineering:Graduate,20261IEOR4004E002
Spring 2026 Industrial Engineering and Operations Research E4010 Artificial Intelligence for OR and FE,AI for OR & FE,001,https://doc.sis.columbia.edu/subj/IEOR/E4010-20261-001/,16913,3,MW 10:10am-11:25am,313 Fayerweather,"41 students (60 max) as of April 27, 2026",,,SEMINAR,In-Person,"Introduces modern artificial intelligence (AI), focus on applications to operations and decision-making in domains such as healthcare, finance, energy systems, and supply chain management. Topics: machine learning, neural networks, large language models (LLMs), reinforcement learning, game theory, multi-agent systems, and agentic frameworks.",E4010,School of Engineering and Applied Science: Graduate,"Engineering:Undergraduate, Engineering:Graduate",20261IEOR4010E001
Spring 2026 Industrial Engineering and Operations Research E4102 STOCHASTIC MODELING FOR MSE,STOCHASTIC MODELING FOR M,001,https://doc.sis.columbia.edu/subj/IEOR/E4102-20261-001/,13275,3,MW 1:10pm-2:25pm,142 Uris Hall,"84 students (95 max) as of April 27, 2026",,Karl Sigman,LECTURE,In-Person,"Introduction to stochastic processes and models, with emphasis on applications to engineering and management; random walks, gambler’s ruin problem, Markov chains in both discrete and continuous time, Poisson processes, renewal processes, stopping times, Wald’s equation, binomial lattice model for pricing risky assets, simple option pricing; simulation of simple stochastic processes, Brownian motion, and geometric Brownian motion. A specialized version of IEOR E4106 for MSE students.",E4102,School of Engineering and Applied Science: Graduate,Engineering:Graduate,20261IEOR4102E001
Spring 2026 Industrial Engineering and Operations Research E4106 STOCHASTIC MODELS,,001,https://doc.sis.columbia.edu/subj/IEOR/E4106-20261-001/,13277,3,MW 5:40pm-6:55pm,428 Pupin Laboratories,"132 students (135 max) as of April 27, 2026",,Antonius B Dieker,LECTURE,In-Person,"Some of the main stochastic models used in engineering and operations research applications: discrete-time Markov chains, Poisson processes, birth and death processes and other continuous Markov chains, renewal reward processes. Applications: queueing, reliability, inventory, and finance.",E4106,School of Engineering and Applied Science: Graduate,,20261IEOR4106E001
Spring 2026 Industrial Engineering and Operations Research E4108 SUPPLY CHAIN ANALYTICS,,001,https://doc.sis.columbia.edu/subj/IEOR/E4108-20261-001/,13278,3,TR 1:10pm-2:25pm,633 Seeley W. Mudd Building,"40 students (47 max) as of April 27, 2026",Professor Elioth Sanabria,Elioth Sanabria Buenaventura,LECTURE,In-Person,"Supply chain management, model design of a supply chain network, inventories, stock systems, commonly used inventory models, supply contracts, value of information and information sharing, risk pooling, design for postponement, managing product variety, information technology and supply chain management; international and environmental issues. Note: replaced IEOR E4000 beginning in fall 2018.",E4108,School of Engineering and Applied Science: Graduate,Engineering:Graduate,20261IEOR4108E001
Spring 2026 Industrial Engineering and Operations Research E4111 OPERATIONS CONSULTING,,001,https://doc.sis.columbia.edu/subj/IEOR/E4111-20261-001/,13279,3,R 7:10pm-9:40pm,501 Northwest Corner Building,"0 students (90 max) as of April 27, 2026",MSE only,Soulaymane Kachani,LECTURE,In-Person,"Aims to develop and harness the modeling, analytical, and managerial skills of engineering students and apply them to improve the operations of both service and manufacturing firms. Structured as a hands-on laboratory in which students ""learn by doing"" on real-world consulting projects (October to May). The student teams focus on identifying, modeling, and testing (and sometimes implementing) operational improvements and innovations with high potential to enhance the profitability and/or achieve sustainable competitive advantage for their sponsor companies. The course is targeted toward students planning careers in technical consulting (including operations consulting) and management consulting, or pursuing positions as business analysts in operations, logistics, supply chain and revenue management functions, positions in general management, and future entrepreneurs.",E4111,School of Engineering and Applied Science: Graduate,Engineering:Graduate,20261IEOR4111E001
Spring 2026 Industrial Engineering and Operations Research E4150 INTRO-PROBABILITY & STATISTICS,INTRO-PROBABILITY & STATI,XMT,https://doc.sis.columbia.edu/subj/IEOR/E4150-20261-XMT/,20709,0,,,"3 students (8 max) as of April 27, 2026",,,LECTURE,In-Person,"Covers the following topics: fundamentals of probability theory and statistical inference used in engineering and applied science; Probabilistic models, random variables, useful distributions, expectations, law of large numbers, central limit theorem; Statistical inference: pint and confidence interval estimation, hypothesis tests, linear regression. For IEOR graduate students.",E4150,School of Engineering and Applied Science: Graduate,,20261IEOR4150EXMT
Spring 2026 Industrial Engineering and Operations Research E4199 MSIEOR Quantitative Bootcamp,MSIEOR Quantitative Bootc,001,https://doc.sis.columbia.edu/subj/IEOR/E4199-20261-001/,18252,0,,,"21 students (8 max) as of April 27, 2026 / Full",,,LECTURE,On-Line Only,Zero-credit course. Primer on quantitative and mathematical concepts. Required for all incoming MSOR and MSIE students.,E4199,School of Engineering and Applied Science: Graduate,Engineering:Graduate,20261IEOR4199E001
Spring 2026 Industrial and Mechanical Engineering E4200 HUMAN-CENTERED DESIGN AND INNOVATION,HUMAN-CENTERED DESIGN & I,001,https://doc.sis.columbia.edu/subj/IEME/E4200-20261-001/,13266,3,W 10:10am-11:25am | W 11:25am-12:40pm,CIN ALFRED LERNE | 430 Riverside Church,"58 students (60 max) as of April 27, 2026",Not approved for MSFE. Lectures held in Lerner Cinema. Desig,Harry West,LECTURE,In-Person,"Open to SEAS graduate and advanced undergraduate students, Business School, and GSAPP. Students from other schools may apply. Fast-paced introduction to human-centered design. Students learn the vocabulary of design methods, understanding of design process. Small group projects to create prototypes. Design of simple product, more complex systems of products and services, and design of business.",E4200,School of Engineering and Applied Science: Graduate,,20261IEME4200E001
Spring 2026 Industrial and Mechanical Engineering E4200 HUMAN-CENTERED DESIGN AND INNOVATION,HUMAN-CENTERED DESIGN & I,002,https://doc.sis.columbia.edu/subj/IEME/E4200-20261-002/,17196,3,W 10:10am-11:25am | W 4:10pm-5:25pm,CIN ALFRED LERNE | 430 Riverside Church,"59 students (60 max) as of April 27, 2026",Not approved for MSFE. Lectures held in Lerner Cinema. Desig,Harry West,LECTURE,In-Person,"Open to SEAS graduate and advanced undergraduate students, Business School, and GSAPP. Students from other schools may apply. Fast-paced introduction to human-centered design. Students learn the vocabulary of design methods, understanding of design process. Small group projects to create prototypes. Design of simple product, more complex systems of products and services, and design of business.",E4200,School of Engineering and Applied Science: Graduate,,20261IEME4200E002
Spring 2026 Op Research - Computer Science E4201 Policy for Privacy Technologies,Policy for Privacy Techno,001,https://doc.sis.columbia.edu/subj/ORCS/E4201-20261-001/,17127,3,TR 11:40am-12:55pm,633 Seeley W. Mudd Building,"32 students (30 max) as of April 27, 2026 / Full",,Rachel Cummings,LECTURE,In-Person,"Introduction to privacy technologies, their use in practice, and privacy regulations. Potential topics include anonymization, differential privacy, cryptography, secure multi-party computation, and legislation. Course material will be abased in real-world use cases of these tools.",E4201,School of Engineering and Applied Science: Graduate,"Engineering:Undergraduate, Engineering:Graduate",20261ORCS4201E001
Spring 2026 Computer Science and Operations Research E4231 ANALYSIS OF ALGORITHMS I,,001,https://doc.sis.columbia.edu/subj/CSOR/E4231-20261-001/,13263,3,MW 2:40pm-3:55pm,303 Uris Hall,"11 students (50 max) as of April 27, 2026",,Daniel Bienstock,LECTURE,In-Person,"Prerequisites: COMS W3134, COMS W3136, or COMS W3137, and COMS W3203. Introduction to the design and analysis of efficient algorithms. Topics include models of computation, efficient sorting and searching, algorithms for algebraic problems, graph algorithms, dynamic programming, probabilistic methods, approximation algorithms, and NP-completeness.",E4231,School of Engineering and Applied Science: Graduate,,20261CSOR4231E001
"Spring 2026 Industrial Engineering and Operations Research E4402 Corporate Finance, Accounting & Investme","CorpFin, Account & Invest",001,https://doc.sis.columbia.edu/subj/IEOR/E4402-20261-001/,13280,3,R 4:30pm-7:00pm,303 Seeley W. Mudd Building,"67 students (67 max) as of April 27, 2026 / Full",,Rodney Sunada-Wong,LECTURE,In-Person,"For students considering working in Investment  Banking or in the Finance department of a  Corporation. After a brief two-lecture intro  to Accounting, it focuses on Corporate  Finance. [Important: class will not meet Jan  29, 2026 and will instead have a make-up class  on a Friday!] Interpret financial statements,  build cash flow models, value projects, value  companies, and make Corporate Finance  decisions. Additional topics include: cost of  capital, dividend policy, debt policy, impact  of taxes, Shareholder / Debtholder agency  costs, dual-class shares, using option pricing  theory to analyze management behavior,  investment banking activities, including  equity underwriting, syndicated lending,  venture capital, private equity investing,  private equity secondaries, capital structure  arbitrage. Application of theory in real-world  situations: analyzing financial activities of  companies such as Google, Tesla, etc.",E4402,School of Engineering and Applied Science: Graduate,Engineering:Graduate,20261IEOR4402E001
Spring 2026 Industrial Engineering and Operations Research E4404 SIMULATION,,001,https://doc.sis.columbia.edu/subj/IEOR/E4404-20261-001/,13281,3,TR 2:40pm-3:55pm,207 Mathematics Building,"152 students (152 max) as of April 27, 2026 / Full",,Henry Lam,LECTURE,In-Person,"Generation of random numbers from given distributions; variance reduction; statistical output analysis; introduction to simulation languages; application to financial, telecommunications, computer, and production systems. Graduate students must register for 3 points. Undergraduate students must register for 4 points. Note: Students who have taken IEOR E4703 Monte Carlo simulation may not register for this course for credit. Recitation section required.",E4404,School of Engineering and Applied Science: Graduate,Engineering:Graduate,20261IEOR4404E001
Spring 2026 Industrial Engineering and Operations Research E4405 PRODUCTION SCHEDULING,,001,https://doc.sis.columbia.edu/subj/IEOR/E4405-20261-001/,13282,3,TR 8:40am-9:55am,633 Seeley W. Mudd Building,"14 students (60 max) as of April 27, 2026",,Clifford Stein,LECTURE,In-Person,"Required for undergraduate students majoring in IE and OR. Job shop scheduling: parallel machines, machines in series; arbitrary job shops. Algorithms, complexity, and worst-case analysis. Effects of randomness: machine breakdowns, random processing time. Term project.",E4405,School of Engineering and Applied Science: Graduate,,20261IEOR4405E001
Spring 2026 Industrial Engineering and Operations Research E4505 OPERATION RES IN PUBLIC POLICY,OR in Public Policy,001,https://doc.sis.columbia.edu/subj/IEOR/E4505-20261-001/,13283,3,MW 11:40am-12:55pm,717 Hamilton Hall,"32 students (50 max) as of April 27, 2026",,Eric Stratman,LECTURE,In-Person,"Aims to give the student a broad overview of the role of Operations Research in public policy. The specific areas covered include voting theory, apportionment, deployment of emergency units, location of hazardous facilities, health care, organ allocation, management of natural resources, energy policy, and aviation security. Draws on a variety techniques such as linear and integer programming, statistical and probabilistic methods, decision analysis, risk analysis, and analysis and control of dynamic systems.",E4505,School of Engineering and Applied Science: Graduate,,20261IEOR4505E001
Spring 2026 Industrial Engineering and Operations Research E4510 PROJECT MANAGEMENT,Project Mgmt of Complex System,001,https://doc.sis.columbia.edu/subj/IEOR/E4510-20261-001/,13284,3,F 10:10am-12:40pm,517 Hamilton Hall,"25 students (80 max) as of April 27, 2026",,Dave Begun,LECTURE,In-Person,"Management of complex projects and the tools that are available to assist managers with such projects. Topics include project selection, project teams and organizational issues, project monitoring and control, project risk management, project resource management, and managing multiple projects.",E4510,School of Engineering and Applied Science: Graduate,,20261IEOR4510E001
Spring 2026 Industrial Engineering and Operations Research E4511 Industry Projects in Analytics & Operati,Industry Projs in Analyti,001,https://doc.sis.columbia.edu/subj/IEOR/E4511-20261-001/,13285,3,M 9:00am-11:30am,CIN ALFRED LERNE,"53 students (150 max) as of April 27, 2026",,Michael Robbins,LECTURE,In-Person,"Teams of students work on real-world projects in analytics. Focus on three aspects of analytics: identifying client analytical requirements; assembling, cleaning and organizing data; identifying and implementing analytical techniques (e.g., statistics and/or machine learning); and delivering results in a client-friendly format. Each project has a defined goal and pre-identified data to analyze in one semester. Client facing class. Class requires 10 hours of time per week and possible client visits on Fridays.",E4511,School of Engineering and Applied Science: Graduate,"Engineering:Undergraduate, Engineering:Graduate",20261IEOR4511E001
Spring 2026 Industrial Engineering and Operations Research E4523 Data Analytics and Machine Learning,Data Analytics and ML,001,https://doc.sis.columbia.edu/subj/IEOR/E4523-20261-001/,13286,3,TR 4:10pm-5:25pm,833 Seeley W. Mudd Building,"11 students (100 max) as of April 27, 2026",Requires co-requisite of IEOR E4501 or waiver exam. NO MSFE,Uday Menon,LECTURE,In-Person,"IEOR students only; priority to MSBA students. Practical survey of Python tools for acquiring, cleaning, and analyzing data. Techniques for obtaining data from files, web scraping, and APIs (CSV, HTML, JSON, XML); performing core data-cleaning tasks; and using data analysis, machine learning, and visualization  libraries (NumPy, Pandas, Matplotlib, Seaborn, TensorFlow/Keras). Introduces foundational machine learning and deep learning concepts, including backpropagation, gradient descent, and implementation of neural networks with TensorFlow/Keras. Covers text mining using word, sentence, and document embeddings. Includes a group project requiring students to collect, store, and analyze a dataset of their choice and build a predictive model.",E4523,School of Engineering and Applied Science: Graduate,,20261IEOR4523E001
Spring 2026 Industrial Engineering and Operations Research E4524 ANALYTICS IN PRACTICE,,001,https://doc.sis.columbia.edu/subj/IEOR/E4524-20261-001/,13287,3,R 7:10pm-9:40pm,301 Pupin Laboratories,"255 students (260 max) as of April 27, 2026",MSBA students section,Hardeep Johar,LECTURE,In-Person,"MSBA students only. Groups of students will work on real world projects in analytics, focusing on three aspects: identifying client analytical requirements; assembling, cleaning, and organizing data; identifying and implementing analytical techniques (statistics, OR, machine learning); and delivering results in a client-friendly format. Each project has a well-defined goal, comes with sources of data preidentified, and has been structured so that it can be completed in one semester. Client-facing class with numerous on-site client visits; students should keep Fridays clear for this purpose.",E4524,School of Engineering and Applied Science: Graduate,Engineering:Graduate,20261IEOR4524E001
Spring 2026 Industrial Engineering and Operations Research E4524 ANALYTICS IN PRACTICE,,002,https://doc.sis.columbia.edu/subj/IEOR/E4524-20261-002/,13288,3,T 4:10pm-6:40pm,327 Seeley W. Mudd Building,"21 students (30 max) as of April 27, 2026",Undergraduate Section Only,Yaren Kaya,LECTURE,In-Person,"MSBA students only. Groups of students will work on real world projects in analytics, focusing on three aspects: identifying client analytical requirements; assembling, cleaning, and organizing data; identifying and implementing analytical techniques (statistics, OR, machine learning); and delivering results in a client-friendly format. Each project has a well-defined goal, comes with sources of data preidentified, and has been structured so that it can be completed in one semester. Client-facing class with numerous on-site client visits; students should keep Fridays clear for this purpose.",E4524,School of Engineering and Applied Science: Graduate,Engineering:Undergraduate,20261IEOR4524E002
Spring 2026 Industrial Engineering and Operations Research E4525 MACHINE LEARNING FE & OPR,,001,https://doc.sis.columbia.edu/subj/IEOR/E4525-20261-001/,13290,3,MW 4:10pm-5:25pm,142 Uris Hall,"40 students (68 max) as of April 27, 2026",,Daniel Bienstock,LECTURE,In-Person,"MS IEOR students only. Introduction to machine learning, practical use of ML algorithms and applications to financial engineering and operations. Supervised learning: regression, classification, resampling methods, regularization, support vector machines (SVMs), and deep learning. Unsupervised learning: dimensionality reduction, matrix decomposition, and clustering algorithms.",E4525,School of Engineering and Applied Science: Graduate,"Business, Engineering:Undergraduate, Engineering:Graduate",20261IEOR4525E001
Spring 2026 Industrial Engineering and Operations Research E4532 Visualization and Storytelling with Data,Data Visualization,001,https://doc.sis.columbia.edu/subj/IEOR/E4532-20261-001/,13291,1.5,F 9:00am-5:00pm,313 Fayerweather,"59 students (60 max) as of April 27, 2026","Meets 9-5pm in April 10, 17th, and April 24th. Students are",Michelle Glaser,LECTURE,In-Person,Data visualization and how to build a story with data. Using complex data or statistics to communicate results effectively. Learn to present analysis and results conscisely and effectively.,E4532,School of Engineering and Applied Science: Graduate,Engineering:Graduate,20261IEOR4532E001
"Spring 2026 Industrial Engineering and Operations Research E4533 Performance, Objectives, & Results Using","Performance,Objectivesℜ",001,https://doc.sis.columbia.edu/subj/IEOR/E4533-20261-001/,13292,1.5,FSU 9:00am-5:00pm,313 Fayerweather,"61 students (65 max) as of April 27, 2026","Meets all day Fri, Sat, Sun in Term A on 1/30, 1/31, 2/1 all",Nicolas Chikhani,LECTURE,In-Person,"OKR framework and different variations. Measurement techniques (A/B testing, validation, correlation, etc.) Identifying what to measure in product experience and business initiatives. Data-driven decision making.",E4533,School of Engineering and Applied Science: Graduate,"Engineering:Undergraduate, Engineering:Graduate",20261IEOR4533E001
Spring 2026 Industrial Engineering and Operations Research E4534 Applied Analytics: from Data to Decision,Applied Analytic Data-Dec,001,https://doc.sis.columbia.edu/subj/IEOR/E4534-20261-001/,13293,3,TR 10:10am-11:25am,702 Hamilton Hall,"80 students (80 max) as of April 27, 2026 / Full",,Fabrizio Lecci,LECTURE,In-Person,"Applied Analytics focus querying and transforming data with SQL, defining and visualizing metrics, measuring impact of products / processes. Tools and techniques to convert raw data to business decisions, statistical analysis. Be able to apply these techniques to real-world datasets.",E4534,School of Engineering and Applied Science: Graduate,Engineering:Graduate,20261IEOR4534E001
Spring 2026 Industrial Engineering and Operations Research E4540 DATA MINING,,001,https://doc.sis.columbia.edu/subj/IEOR/E4540-20261-001/,13294,3,W 7:00pm-9:30pm,310 Fayerweather,"46 students (60 max) as of April 27, 2026",,Krzysztof M Choromanski,LECTURE,In-Person,"Course covers major statistical learning methods for data mining under both supervised and unsupervised settings. Topics covered include linear regression and classification, model selection and regularization, tree-based methods, support vector machines, and unsupervised learning. Students learn about principles underlying each method, how to determine which methods are most suited to applied settings, concepts behind model fitting and parameter tuning, and how to apply methods in practice and assess their performance. Emphasizes roles of statistical modeling and optimization in data mining.",E4540,School of Engineering and Applied Science: Graduate,"Engineering:Undergraduate, Engineering:Graduate",20261IEOR4540E001
Spring 2026 Industrial Engineering and Operations Research E4570 TOPICS IN OPERATIONS RESEARCH,Queueing Theory,001,https://doc.sis.columbia.edu/subj/IEOR/E4570-20261-001/,13295,3,MW 4:10pm-5:25pm,829 Seeley W. Mudd Building,"2 students (40 max) as of April 27, 2026",Topics : Queueing Theories,Karl Sigman,LECTURE,In-Person,"Each offering of this course is devoted to a particular sector of Operations Research and its contemporary research, practice, and approaches. If topics are different, then course can be taken more than once for credit. or Special topics arranged as the need and availability arises. Topics are usually offered on a one-time basis. Since the content of this course changes each time it is offered, it may be repeated for credit. Consult the department for section assignment.",E4570,School of Engineering and Applied Science: Graduate,,20261IEOR4570E001
Spring 2026 Industrial Engineering and Operations Research E4571 TOPICS IN OPERATIONS RESEARCH,Tech Ethics in AI,001,https://doc.sis.columbia.edu/subj/IEOR/E4571-20261-001/,16808,1.5,F 3:00pm-5:30pm,331 Uris Hall,"10 students (50 max) as of April 27, 2026","""1.5 Credit Term B course on """"Technology Ethics for the Age",Gary Kazantsev,LECTURE,In-Person,"Special topics arranged as the need and availability arises. Topics are usually offered on a one-time basis. Since the content of this course changes each time it is offered, it may be repeated for credit. Consult the department for section assignment.",E4571,School of Engineering and Applied Science: Graduate,,20261IEOR4571E001
Spring 2026 Industrial Engineering and Operations Research E4573 TOPICS IN OR,Business App of LLMs,001,https://doc.sis.columbia.edu/subj/IEOR/E4573-20261-001/,17836,1.5,W 5:40pm-8:10pm,601 Sherman Fairchild Life Sciences Building,"11 students (55 max) as of April 27, 2026",1.5 Credit course. Class ends in March.,Mahir Yavuz,LECTURE,In-Person,"Each offering of this course is devoted to a particular sector of Operations Research and its contemporary research, practice, and approaches. If topics are different, then course can be taken more than once for credit.",E4573,School of Engineering and Applied Science: Graduate,,20261IEOR4573E001
Spring 2026 Industrial Engineering and Operations Research E4574 TOPICS IN OR,Analytics Engineering,001,https://doc.sis.columbia.edu/subj/IEOR/E4574-20261-001/,13297,3,TR 11:40am-12:55pm,702 Hamilton Hall,"60 students (60 max) as of April 27, 2026 / Full",,Fabrizio Lecci,LECTURE,In-Person,"Each offering of this course is devoted to a particular sector of Operations Research and its contemporary research, practice, and approaches. If topics are different, then course can be taken more than once for credit.",E4574,School of Engineering and Applied Science: Graduate,"Engineering:Undergraduate, Engineering:Graduate",20261IEOR4574E001
Spring 2026 Industrial Engineering and Operations Research E4575 TOPICS IN OPERATIONS RESEARCH,AI & Digi Transformation,001,https://doc.sis.columbia.edu/subj/IEOR/E4575-20261-001/,13298,3,M 1:10pm-3:40pm,331 Uris Hall,"33 students (45 max) as of April 27, 2026",DSI and IEOR students Priority,Grace Lin,LECTURE,In-Person,,E4575,School of Engineering and Applied Science: Graduate,Engineering:Graduate,20261IEOR4575E001
Spring 2026 Industrial Engineering and Operations Research E4576 TOPICS IN OPERATIONS RESEARCH,Agentic AI for Analytics,001,https://doc.sis.columbia.edu/subj/IEOR/E4576-20261-001/,13299,3,M 7:00pm-9:30pm,516 Hamilton Hall,"50 students (45 max) as of April 27, 2026 / Full",MSFE students not allowed. Priority to IEOR and DSI students,Devon Peticolas,LECTURE,In-Person,"Each offering of this course is devoted to a particular sector of Operations Research and its contemporary research, practice, and approaches. If topics are different, then course can be taken more than once for credit. or Special topics arranged as the need and availability arises. Topics are usually offered on a one-time basis. Since the content of this course changes each time it is offered, it may be repeated for credit. Consult the department for section assignment.",E4576,School of Engineering and Applied Science: Graduate,Engineering:Graduate,20261IEOR4576E001
Spring 2026 Industrial Engineering and Operations Research E4577 TOPICS IN OPERATIONS RESEARCH,Comm for Data Leaders,001,https://doc.sis.columbia.edu/subj/IEOR/E4577-20261-001/,13300,1.5,F 1:00pm-4:00pm,326 Uris Hall,"8 students (50 max) as of April 27, 2026",Class runs 2/6 to 4/3,Casandra Campbell,LECTURE,In-Person,"Special topics arranged as the need and availability arises. Topics are usually offered on a one-time basis. Since the content of this course changes each time it is offered, it may be repeated for credit. Consult the department for section assignment.",E4577,School of Engineering and Applied Science: Graduate,,20261IEOR4577E001
Spring 2026 Industrial Engineering and Operations Research E4578 TOPICS IN OPERATION RESEARCH,Forecasting realworld app,001,https://doc.sis.columbia.edu/subj/IEOR/E4578-20261-001/,11557,3,R 7:00pm-9:30pm,702 Hamilton Hall,"42 students (80 max) as of April 27, 2026","DSI Section, MS DS receive priority enrollment",Syed W Haider,LECTURE,In-Person,"Each offering of this course is devoted to a particular sector of Operations Research and its contemporary research, practice, and approaches. If topics are different, then course can be taken more than once for credit. or Special topics arranged as the need and availability arises. Topics are usually offered on a one-time basis. Since the content of this course changes each time it is offered, it may be repeated for credit. Consult the department for section assignment.",E4578,School of Engineering and Applied Science: Graduate,Engineering:Graduate,20261IEOR4578E001
Spring 2026 Industrial Engineering and Operations Research E4579 TOPICS IN OR,MACHINE LEARNING IN PRACT,001,https://doc.sis.columbia.edu/subj/IEOR/E4579-20261-001/,13301,3,T 5:40pm-8:10pm,413 Kent Hall,"55 students (70 max) as of April 27, 2026",,Gary Kazantsev,LECTURE,In-Person,"Special topics arranged as the need and availability arises. Topics are usually offered on a one-time basis. Since the content of this course changes each time it is offered, it may be repeated for credit. Consult the department for section assignment.",E4579,School of Engineering and Applied Science: Graduate,,20261IEOR4579E001
Spring 2026 Industrial Engineering and Operations Research E4598 Business Analytics Practitioners Seminar,Business Analytics Semina,001,https://doc.sis.columbia.edu/subj/IEOR/E4598-20261-001/,19589,0,,,"0 students (250 max) as of April 27, 2026",Student do not enroll. Class will continue this semester in,Uday Menon,SEMINAR,In-Person,"The IEOR Department hosts Business Analytics Practitioners Seminars throughout the Fall and Spring semesters. There are 5-6 seminars per semester, for a total of 10-12 seminars a year. These seminars feature a variety of academics and professionals in the field of Business Analytics; they are meant to educate and expose students to the latest research and practice. First year BA students are required to attend all BA seminars during their first year as well as submit journals about the material.",E4598,School of Engineering and Applied Science: Graduate,,20261IEOR4598E001
Spring 2026 Industrial Engineering and Operations Research E4601 DYNAMIC PRICING/REVENUE MGMT,,001,https://doc.sis.columbia.edu/subj/IEOR/E4601-20261-001/,13302,3,MW 11:40am-12:55pm,415 Schapiro [SCEP],"27 students (30 max) as of April 27, 2026",,Vineet Goyal,LECTURE,In-Person,"Focus on capacity allocation, dynamic pricing and revenue management. Perishable and/or limited product and pricing implications. Applications to various industries including service, airlines, hotel, resource rentals, etc.",E4601,School of Engineering and Applied Science: Graduate,"Engineering:Undergraduate, Engineering:Graduate",20261IEOR4601E001
Spring 2026 Industrial Engineering and Operations Research E4630 ASSET ALLOCATION,,001,https://doc.sis.columbia.edu/subj/IEOR/E4630-20261-001/,16977,3,T 2:40pm-5:10pm,303 Seeley W. Mudd Building,"53 students (60 max) as of April 27, 2026",,Christopher A Perez,LECTURE,In-Person,"Models for pricing and hedging equity, fixed-income, credit-derivative securities, standard tools for hedging and risk management, models and theoretical foundations for pricing equity options (standard European, American equity options, Asian options), standard Black-Scholes model (with multiasset extension), asset allocation, portfolio optimization, investments over longtime horizons, and pricing of fixed-income derivatives (Ho-Lee, Black-Derman-Toy, Heath-Jarrow-Morton interest rate model).",E4630,School of Engineering and Applied Science: Graduate,,20261IEOR4630E001
Spring 2026 Industrial Engineering and Operations Research E4650 BUSINESS ANALYTICS,,001,https://doc.sis.columbia.edu/subj/IEOR/E4650-20261-001/,13303,3,TR 2:40pm-3:55pm,833 Seeley W. Mudd Building,"40 students (86 max) as of April 27, 2026",Undergrad and MS students. No MSBA or MSFE students.,Uday Menon,LECTURE,In-Person,"This course focuses on how to identify, evaluate, and capture business analytic opportunities that create value. The course covers basic analytic methods alongside case studies on organizations that successfully deployed these techniques. The first part of the course is on using data to develop insights and predictive capabilities with machine learning techniques. The second part focuses on the use of A/B testing, causal inference, ethics, and optimization to support decision-making.",E4650,School of Engineering and Applied Science: Graduate,,20261IEOR4650E001
Spring 2026 Industrial Engineering and Operations Research E4700 INTRO TO FINANCIAL ENGINEERING,,001,https://doc.sis.columbia.edu/subj/IEOR/E4700-20261-001/,13304,3,MW 11:40am-12:55pm,614 Schermerhorn Hall [SCH],"95 students (100 max) as of April 27, 2026",,Anran Hu,LECTURE,In-Person,"Prerequisite(s): IEOR E4106 or E3106. Required for undergraduate students majoring in OR:FE. Introduction to investment and financial instruments via portfolio theory and derivative securities, using basic operations research/engineering methodology. Portfolio theory, arbitrage; Markowitz model, market equilibrium, and the capital asset pricing model. General models for asset price fluctuations in discrete and continuous time. Elementary introduction to Brownian motion and geometric Brownian motion. Option theory; Black-Scholes equation and call option formula. Computational methods such as Monte Carlo simulation.",E4700,School of Engineering and Applied Science: Graduate,,20261IEOR4700E001
Spring 2026 Industrial Engineering and Operations Research E4703 MONTE CARLO SIMULATION METHODS,Monte Carlo Simulation,001,https://doc.sis.columbia.edu/subj/IEOR/E4703-20261-001/,13305,3,TR 8:40am-9:55am,501 Schermerhorn Hall [SCH],"154 students (160 max) as of April 27, 2026",,Ali Hirsa,LECTURE,In-Person,"This graduate course is only for M.S. Program in Financial Engineering students. Multivariate random number generation, bootstrapping, Monte Carlo simulation, efficiency improvement techniques. Simulation output analysis, Markov-chain Monte Carlo. Applications to financial engineering. Introduction to financial engineering simulation software and exposure to modeling with real financial data. Note: Students who have taken IEOR E4404 Simulation may not register for this course for credit.",E4703,School of Engineering and Applied Science: Graduate,Engineering:Graduate,20261IEOR4703E001
Spring 2026 Industrial Engineering and Operations Research E4704 Foundations of Financial Technology,Foundations of FinTech,001,https://doc.sis.columbia.edu/subj/IEOR/E4704-20261-001/,16948,3,TR 4:10pm-5:25pm,602 Hamilton Hall,"42 students (50 max) as of April 27, 2026",,Wenpin Tang,SEMINAR,In-Person,"Introduces emerging area of Financial Technology (FinTech) within decentralized finance (DeFi) and blockchains. Topics: blockchain fundamentals: major (permissionless) blockchain protocols, permissioned blockchains, and their applications; DeFi fundamentals: Layer-2 primitives (AMMs, lending, liquidity staking, MEV, etc) and stablecoins; markets and trading: market microstructure and on-chain data analytics; and emerging applications: institutional DeFi, real-world asset tokenizations (RWAs), and AI integration. Emphasis on both mathematical foundations and empirical designs.",E4704,School of Engineering and Applied Science: Graduate,,20261IEOR4704E001
Spring 2026 Industrial Engineering and Operations Research E4707 FE CONTINUOUS TIME MODELS,FE: CONTINUOUS TIME MODEL,001,https://doc.sis.columbia.edu/subj/IEOR/E4707-20261-001/,13306,3,MW 2:40pm-3:55pm,301 Uris Hall,"152 students (160 max) as of April 27, 2026",,Xunyu Zhou,LECTURE,In-Person,"This graduate course is only for MS program in FE students. Modeling, analysis, and computation of derivative securities. Applications of stochastic calculus and stochastic differential equations. Numerical techniques: finite-difference, binomial method, and Monte Carlo.",E4707,School of Engineering and Applied Science: Graduate,Engineering:Graduate,20261IEOR4707E001
Spring 2026 Industrial Engineering and Operations Research E4709 STATISTICAL ANALYSIS AND TIME SERIES,STATISTICAL ANALYSIS & TIME SE,001,https://doc.sis.columbia.edu/subj/IEOR/E4709-20261-001/,13307,3,MW 11:40am-12:55pm,501 Schermerhorn Hall [SCH],"153 students (163 max) as of April 27, 2026",,Agostino Capponi,LECTURE,In-Person,"This graduate course is only for M.S. Program in Financial Engineering students. Empirical analysis of asset prices: heavy tails, test of the predictability of stock returns. Financial time series: ARMA, stochastic volatility, and GARCH models. Regression models: linear regression and test of CAPM, non-linear regression and fitting of term structures.",E4709,School of Engineering and Applied Science: Graduate,"Engineering:Undergraduate, Engineering:Graduate",20261IEOR4709E001
Spring 2026 Industrial Engineering and Operations Research E4718 INTRO-IMPLIED VOLATILITY SMILE,BEYOND BLACK-SCHOLES: IMPLIED,001,https://doc.sis.columbia.edu/subj/IEOR/E4718-20261-001/,13308,3,R 7:00pm-9:30pm,313 Fayerweather,"78 students (80 max) as of April 27, 2026",Undergrads can only register during cross registration,Amal Moussa,LECTURE,In-Person,"During the past 15 years the behavior of market options prices have shown systematic deviations from the classic Black-Scholes model. Examines the empirical behavior of implied volatilities, in particular the volatility smile that now characterizes most markets, the mathematics and intuition behind new models that can account for the smile, and their consequences for hedging and valuation.",E4718,School of Engineering and Applied Science: Graduate,Engineering:Graduate,20261IEOR4718E001
Spring 2026 Industrial Engineering and Operations Research E4721 TOPICS IN QUANT FINANCE,Comp. Portfolio Construct,001,https://doc.sis.columbia.edu/subj/IEOR/E4721-20261-001/,13309,3,W 4:10pm-6:40pm,633 Seeley W. Mudd Building,"22 students (50 max) as of April 27, 2026",This is a 3 credit Class,Sridhar Gollamudi,LECTURE,In-Person,"This graduate-level course provides a rigorous foundation in quantitative portfolio construction, bridging theory with practical implementation. It develops a systematic framework for constructing optimal portfolios, beginning with the classical Markowitz model and enhancing it to address real-world portfolio objectives and constraints.  Students learn how  forecasts of asset returns, risk, and market impact are formulated in the  optimizer objectives and constraints, and how estimation error affects portfolio construction and performance. They also study the robust estimation of key optimizer inputs such as risk models using modern statistical and econometric methods that handle noise and time-varying dynamics. Students gain hands-on experience constructing portfolios using industry-standard datasets, tools, and risk models. The course also provides a brief introduction to advanced topics such as random matrix theory, multiperiod optimization, and the use of modern machine learning methods, which represent emerging directions in quantitative portfolio research.",E4721,School of Engineering and Applied Science: Graduate,,20261IEOR4721E001
Spring 2026 Industrial Engineering and Operations Research E4728 TOPICS IN QUANTITATIVE FINANCE,Modern Value Investing,001,https://doc.sis.columbia.edu/subj/IEOR/E4728-20261-001/,16950,1.5,T 1:10pm-3:40pm,413 Kent Hall,"11 students (50 max) as of April 27, 2026","Offered Term A until March 6th, 2026.",Khosrow Dehnad,LECTURE,In-Person,"The search for better performance has led investors to explore Alternative Investments that are outside the traditional categories of exchange traded equities, Treasury Bonds, and other investment-grade fixed income products. The field of Alternative Investments covers a wide range of products such as convertible bonds, Preferred Shares, Hedge Funds, Venture Capital, and Cryptocurrencies. There is a growing need in the market for students with knowledge of these products and the practical and theoretical know how of valuing and risk managing these investments given that each product has it own nuances and anomalies. This course presents and studies some major Alternative Investment products and ways to evaluate and risk manage them.",E4728,School of Engineering and Applied Science: Graduate,,20261IEOR4728E001
Spring 2026 Industrial Engineering and Operations Research E4732 COMPUT METHODS IN FINANCE,,001,https://doc.sis.columbia.edu/subj/IEOR/E4732-20261-001/,13310,3,R 7:10pm-9:40pm,545 Seeley W. Mudd Building,"23 students (40 max) as of April 27, 2026",,Alireza Javaheri,LECTURE,In-Person,"MS IEOR students only. Application of various computational methods/techniques in quantitative/computational finance. Transform techniques: fast Fourier transform for data de-noising and pricing, finite difference methods for partial differential equations (PDE), partial integro-differential equations (PIDE), Monte-Carlo simulation techniques in finance, and calibration techniques, filtering and parameter estimation techniques. Computational platform will be C++/Java/Python/Matlab/R.",E4732,School of Engineering and Applied Science: Graduate,,20261IEOR4732E001
Spring 2026 Industrial Engineering and Operations Research E4733 ALGORITHMIC TRADING,,001,https://doc.sis.columbia.edu/subj/IEOR/E4733-20261-001/,16978,3,T 7:00pm-9:30pm,833 Seeley W. Mudd Building,"86 students (100 max) as of April 27, 2026",,Charles Pehlivanian,LECTURE,In-Person,"Prerequisite(s): IEOR E4700. Large and amorphous collection of subjects ranging from the study of market microstructure, to the analysis of optimal trading strategies, to the development of computerized, high-frequency trading strategies. Analysis of these subjects, the scientific and practical issues they involve, and the extensive body of academic literature they have spawned. Attempt to understand and uncover the economic and financial mechanisms that drive and ultimately relate them.",E4733,School of Engineering and Applied Science: Graduate,,20261IEOR4733E001
Spring 2026 Industrial Engineering and Operations Research E4737 AI Applications in Finance,AI Applications in Financ,001,https://doc.sis.columbia.edu/subj/IEOR/E4737-20261-001/,13311,3,FS 9:00am-5:00pm,207 Mathematics Building,"93 students (88 max) as of April 27, 2026 / Full","Meets 1/23 1-5pm, 1/24 9-1pm&3-5pm, 1/30 1-5pm, 1/31 9-12pm",Ali Hirsa,LECTURE,In-Person,"Data, models, visuals; various facets of AI, applications in finance; areas: fund, manager, security selection, asset allocation, risk management within asset management; fraud detection and prevention; climate finance and risk; data-driven real estate finance; cutting-edge techniques: machine learning, deep learning in computational, quantitative finance; concepts: explainability, interpretability, adversarial machine learning, resilience of AI systems; industry utilization",E4737,School of Engineering and Applied Science: Graduate,,20261IEOR4737E001
Spring 2026 Industrial Engineering and Operations Research E4798 Financial Engineering Practitioners Semi,FE Seminar Series,001,https://doc.sis.columbia.edu/subj/IEOR/E4798-20261-001/,13312,0,M 7:00pm-9:00pm,501 Schermerhorn Hall [SCH],"0 students (158 max) as of April 27, 2026",,,SEMINAR,In-Person,"Degree requirement for all MSFE first-year students. Topics in Financial Engineering. Past seminar topics include Evolving Financial Intermediation, Measuring and Using Trading Algorithms Effectively, Path-Dependent Volatility, Artificial Intelligence and Data Science in modern financial decision making, Risk-Based Performance Attribution, and Financial Machine Learning. Meets select Monday evenings.",E4798,School of Engineering and Applied Science: Graduate,Engineering:Graduate,20261IEOR4798E001
Spring 2026 Industrial Engineering and Operations Research E4900 MASTERS RESEARCH OR PROJECT,MASTERS RESEARCH OR PROJE,001,https://doc.sis.columbia.edu/subj/IEOR/E4900-20261-001/,13560,1-3,,,"0 students (40 max) as of April 27, 2026",,Anish Agarwal,INDEPENDENT,In-Person,"Prerequisite(s): Approval by a faculty member who agrees to supervise the work. Independent work involving experiments, computer programming, analytical investigation, or engineering design.",E4900,School of Engineering and Applied Science: Graduate,Engineering:Graduate,20261IEOR4900E001
Spring 2026 Industrial Engineering and Operations Research E4900 MASTERS RESEARCH OR PROJECT,MASTERS RESEARCH OR PROJE,002,https://doc.sis.columbia.edu/subj/IEOR/E4900-20261-002/,13561,1-3,,,"0 students (40 max) as of April 27, 2026",,Shipra Agrawal,INDEPENDENT,In-Person,"Prerequisite(s): Approval by a faculty member who agrees to supervise the work. Independent work involving experiments, computer programming, analytical investigation, or engineering design.",E4900,School of Engineering and Applied Science: Graduate,Engineering:Graduate,20261IEOR4900E002
Spring 2026 Industrial Engineering and Operations Research E4900 MASTERS RESEARCH OR PROJECT,MASTERS RESEARCH OR PROJE,003,https://doc.sis.columbia.edu/subj/IEOR/E4900-20261-003/,13562,1-3,,,"0 students (40 max) as of April 27, 2026",,Eric Balkanski,INDEPENDENT,In-Person,"Prerequisite(s): Approval by a faculty member who agrees to supervise the work. Independent work involving experiments, computer programming, analytical investigation, or engineering design.",E4900,School of Engineering and Applied Science: Graduate,Engineering:Graduate,20261IEOR4900E003
Spring 2026 Industrial Engineering and Operations Research E4900 MASTERS RESEARCH OR PROJECT,MASTERS RESEARCH OR PROJE,004,https://doc.sis.columbia.edu/subj/IEOR/E4900-20261-004/,13563,1-3,,,"0 students (40 max) as of April 27, 2026",,Daniel Bienstock,INDEPENDENT,In-Person,"Prerequisite(s): Approval by a faculty member who agrees to supervise the work. Independent work involving experiments, computer programming, analytical investigation, or engineering design.",E4900,School of Engineering and Applied Science: Graduate,Engineering:Graduate,20261IEOR4900E004
Spring 2026 Industrial Engineering and Operations Research E4900 MASTERS RESEARCH OR PROJECT,MASTERS RESEARCH OR PROJE,005,https://doc.sis.columbia.edu/subj/IEOR/E4900-20261-005/,13564,1-3,,,"0 students (40 max) as of April 27, 2026",,Agostino Capponi,INDEPENDENT,In-Person,"Prerequisite(s): Approval by a faculty member who agrees to supervise the work. Independent work involving experiments, computer programming, analytical investigation, or engineering design.",E4900,School of Engineering and Applied Science: Graduate,Engineering:Graduate,20261IEOR4900E005
Spring 2026 Industrial Engineering and Operations Research E4900 MASTERS RESEARCH OR PROJECT,MASTERS RESEARCH OR PROJE,006,https://doc.sis.columbia.edu/subj/IEOR/E4900-20261-006/,13565,1-3,,,"0 students (40 max) as of April 27, 2026",,Rachel Cummings,INDEPENDENT,In-Person,"Prerequisite(s): Approval by a faculty member who agrees to supervise the work. Independent work involving experiments, computer programming, analytical investigation, or engineering design.",E4900,School of Engineering and Applied Science: Graduate,Engineering:Graduate,20261IEOR4900E006
Spring 2026 Industrial Engineering and Operations Research E4900 MASTERS RESEARCH OR PROJECT,MASTERS RESEARCH OR PROJE,007,https://doc.sis.columbia.edu/subj/IEOR/E4900-20261-007/,13566,1-3,,,"0 students (40 max) as of April 27, 2026",,Antonius B Dieker,INDEPENDENT,In-Person,"Prerequisite(s): Approval by a faculty member who agrees to supervise the work. Independent work involving experiments, computer programming, analytical investigation, or engineering design.",E4900,School of Engineering and Applied Science: Graduate,Engineering:Graduate,20261IEOR4900E007
Spring 2026 Industrial Engineering and Operations Research E4900 MASTERS RESEARCH OR PROJECT,MASTERS RESEARCH OR PROJE,008,https://doc.sis.columbia.edu/subj/IEOR/E4900-20261-008/,13567,1-3,,,"0 students (40 max) as of April 27, 2026",,Adam N Elmachtoub,INDEPENDENT,In-Person,"Prerequisite(s): Approval by a faculty member who agrees to supervise the work. Independent work involving experiments, computer programming, analytical investigation, or engineering design.",E4900,School of Engineering and Applied Science: Graduate,Engineering:Graduate,20261IEOR4900E008
Spring 2026 Industrial Engineering and Operations Research E4900 MASTERS RESEARCH OR PROJECT,MASTERS RESEARCH OR PROJE,009,https://doc.sis.columbia.edu/subj/IEOR/E4900-20261-009/,13568,1-3,,,"0 students (40 max) as of April 27, 2026",,Yuri Faenza,INDEPENDENT,In-Person,"Prerequisite(s): Approval by a faculty member who agrees to supervise the work. Independent work involving experiments, computer programming, analytical investigation, or engineering design.",E4900,School of Engineering and Applied Science: Graduate,Engineering:Graduate,20261IEOR4900E009
Spring 2026 Industrial Engineering and Operations Research E4900 MASTERS RESEARCH OR PROJECT,MASTERS RESEARCH OR PROJE,010,https://doc.sis.columbia.edu/subj/IEOR/E4900-20261-010/,13569,1-3,,,"0 students (40 max) as of April 27, 2026",,Vineet Goyal,INDEPENDENT,In-Person,"Prerequisite(s): Approval by a faculty member who agrees to supervise the work. Independent work involving experiments, computer programming, analytical investigation, or engineering design.",E4900,School of Engineering and Applied Science: Graduate,Engineering:Graduate,20261IEOR4900E010
Spring 2026 Industrial Engineering and Operations Research E4900 MASTERS RESEARCH OR PROJECT,MASTERS RESEARCH OR PROJE,011,https://doc.sis.columbia.edu/subj/IEOR/E4900-20261-011/,13570,1-3,,,"4 students (40 max) as of April 27, 2026",,Ali Hirsa,INDEPENDENT,In-Person,"Prerequisite(s): Approval by a faculty member who agrees to supervise the work. Independent work involving experiments, computer programming, analytical investigation, or engineering design.",E4900,School of Engineering and Applied Science: Graduate,Engineering:Graduate,20261IEOR4900E011
Spring 2026 Industrial Engineering and Operations Research E4900 MASTERS RESEARCH OR PROJECT,MASTERS RESEARCH OR PROJE,012,https://doc.sis.columbia.edu/subj/IEOR/E4900-20261-012/,13571,1-3,,,"0 students (40 max) as of April 27, 2026",,Anran Hu,INDEPENDENT,In-Person,"Prerequisite(s): Approval by a faculty member who agrees to supervise the work. Independent work involving experiments, computer programming, analytical investigation, or engineering design.",E4900,School of Engineering and Applied Science: Graduate,Engineering:Graduate,20261IEOR4900E012
Spring 2026 Industrial Engineering and Operations Research E4900 MASTERS RESEARCH OR PROJECT,MASTERS RESEARCH OR PROJE,013,https://doc.sis.columbia.edu/subj/IEOR/E4900-20261-013/,13572,1-3,,,"0 students (40 max) as of April 27, 2026",,Garud Iyengar,INDEPENDENT,In-Person,"Prerequisite(s): Approval by a faculty member who agrees to supervise the work. Independent work involving experiments, computer programming, analytical investigation, or engineering design.",E4900,School of Engineering and Applied Science: Graduate,Engineering:Graduate,20261IEOR4900E013
Spring 2026 Industrial Engineering and Operations Research E4900 MASTERS RESEARCH OR PROJECT,MASTERS RESEARCH OR PROJE,014,https://doc.sis.columbia.edu/subj/IEOR/E4900-20261-014/,13573,1-3,,,"0 students (40 max) as of April 27, 2026",,Hardeep Johar,INDEPENDENT,In-Person,"Prerequisite(s): Approval by a faculty member who agrees to supervise the work. Independent work involving experiments, computer programming, analytical investigation, or engineering design.",E4900,School of Engineering and Applied Science: Graduate,Engineering:Graduate,20261IEOR4900E014
Spring 2026 Industrial Engineering and Operations Research E4900 MASTERS RESEARCH OR PROJECT,MASTERS RESEARCH OR PROJE,015,https://doc.sis.columbia.edu/subj/IEOR/E4900-20261-015/,13574,1-3,,,"0 students (40 max) as of April 27, 2026",,Cedric Josz,INDEPENDENT,In-Person,"Prerequisite(s): Approval by a faculty member who agrees to supervise the work. Independent work involving experiments, computer programming, analytical investigation, or engineering design.",E4900,School of Engineering and Applied Science: Graduate,Engineering:Graduate,20261IEOR4900E015
Spring 2026 Industrial Engineering and Operations Research E4900 MASTERS RESEARCH OR PROJECT,MASTERS RESEARCH OR PROJE,016,https://doc.sis.columbia.edu/subj/IEOR/E4900-20261-016/,13575,1-3,,,"0 students (40 max) as of April 27, 2026",,Soulaymane Kachani,INDEPENDENT,In-Person,"Prerequisite(s): Approval by a faculty member who agrees to supervise the work. Independent work involving experiments, computer programming, analytical investigation, or engineering design.",E4900,School of Engineering and Applied Science: Graduate,Engineering:Graduate,20261IEOR4900E016
Spring 2026 Industrial Engineering and Operations Research E4900 MASTERS RESEARCH OR PROJECT,MASTERS RESEARCH OR PROJE,017,https://doc.sis.columbia.edu/subj/IEOR/E4900-20261-017/,13576,1-3,,,"0 students (40 max) as of April 27, 2026",,Yaren Kaya,INDEPENDENT,In-Person,"Prerequisite(s): Approval by a faculty member who agrees to supervise the work. Independent work involving experiments, computer programming, analytical investigation, or engineering design.",E4900,School of Engineering and Applied Science: Graduate,Engineering:Graduate,20261IEOR4900E017
Spring 2026 Industrial Engineering and Operations Research E4900 MASTERS RESEARCH OR PROJECT,MASTERS RESEARCH OR PROJE,018,https://doc.sis.columbia.edu/subj/IEOR/E4900-20261-018/,13577,1-3,,,"0 students (40 max) as of April 27, 2026",,Christian Kroer,INDEPENDENT,In-Person,"Prerequisite(s): Approval by a faculty member who agrees to supervise the work. Independent work involving experiments, computer programming, analytical investigation, or engineering design.",E4900,School of Engineering and Applied Science: Graduate,Engineering:Graduate,20261IEOR4900E018
Spring 2026 Industrial Engineering and Operations Research E4900 MASTERS RESEARCH OR PROJECT,MASTERS RESEARCH OR PROJE,019,https://doc.sis.columbia.edu/subj/IEOR/E4900-20261-019/,13578,1-3,,,"0 students (40 max) as of April 27, 2026",,Daniel Lacker,INDEPENDENT,In-Person,"Prerequisite(s): Approval by a faculty member who agrees to supervise the work. Independent work involving experiments, computer programming, analytical investigation, or engineering design.",E4900,School of Engineering and Applied Science: Graduate,Engineering:Graduate,20261IEOR4900E019
Spring 2026 Industrial Engineering and Operations Research E4900 MASTERS RESEARCH OR PROJECT,MASTERS RESEARCH OR PROJE,020,https://doc.sis.columbia.edu/subj/IEOR/E4900-20261-020/,13579,1-3,,,"0 students (40 max) as of April 27, 2026",,Henry Lam,INDEPENDENT,In-Person,"Prerequisite(s): Approval by a faculty member who agrees to supervise the work. Independent work involving experiments, computer programming, analytical investigation, or engineering design.",E4900,School of Engineering and Applied Science: Graduate,Engineering:Graduate,20261IEOR4900E020
Spring 2026 Industrial Engineering and Operations Research E4900 MASTERS RESEARCH OR PROJECT,MASTERS RESEARCH OR PROJE,021,https://doc.sis.columbia.edu/subj/IEOR/E4900-20261-021/,13580,1-3,,,"0 students (40 max) as of April 27, 2026",,Fabrizio Lecci,INDEPENDENT,In-Person,"Prerequisite(s): Approval by a faculty member who agrees to supervise the work. Independent work involving experiments, computer programming, analytical investigation, or engineering design.",E4900,School of Engineering and Applied Science: Graduate,Engineering:Graduate,20261IEOR4900E021
Spring 2026 Industrial Engineering and Operations Research E4900 MASTERS RESEARCH OR PROJECT,MASTERS RESEARCH OR PROJE,022,https://doc.sis.columbia.edu/subj/IEOR/E4900-20261-022/,13581,1-3,,,"0 students (40 max) as of April 27, 2026",,Tianyi Lin,INDEPENDENT,In-Person,"Prerequisite(s): Approval by a faculty member who agrees to supervise the work. Independent work involving experiments, computer programming, analytical investigation, or engineering design.",E4900,School of Engineering and Applied Science: Graduate,Engineering:Graduate,20261IEOR4900E022
Spring 2026 Industrial Engineering and Operations Research E4900 MASTERS RESEARCH OR PROJECT,MASTERS RESEARCH OR PROJE,023,https://doc.sis.columbia.edu/subj/IEOR/E4900-20261-023/,13582,1-3,,,"0 students (40 max) as of April 27, 2026",,Uday Menon,INDEPENDENT,In-Person,"Prerequisite(s): Approval by a faculty member who agrees to supervise the work. Independent work involving experiments, computer programming, analytical investigation, or engineering design.",E4900,School of Engineering and Applied Science: Graduate,Engineering:Graduate,20261IEOR4900E023
Spring 2026 Industrial Engineering and Operations Research E4900 MASTERS RESEARCH OR PROJECT,MASTERS RESEARCH OR PROJE,024,https://doc.sis.columbia.edu/subj/IEOR/E4900-20261-024/,13583,1-3,,,"0 students (40 max) as of April 27, 2026",,Bento Natura,INDEPENDENT,In-Person,"Prerequisite(s): Approval by a faculty member who agrees to supervise the work. Independent work involving experiments, computer programming, analytical investigation, or engineering design.",E4900,School of Engineering and Applied Science: Graduate,Engineering:Graduate,20261IEOR4900E024
Spring 2026 Industrial Engineering and Operations Research E4900 MASTERS RESEARCH OR PROJECT,MASTERS RESEARCH OR PROJE,025,https://doc.sis.columbia.edu/subj/IEOR/E4900-20261-025/,13584,1-3,,,"0 students (40 max) as of April 27, 2026",,Jay Sethuraman,INDEPENDENT,In-Person,"Prerequisite(s): Approval by a faculty member who agrees to supervise the work. Independent work involving experiments, computer programming, analytical investigation, or engineering design.",E4900,School of Engineering and Applied Science: Graduate,Engineering:Graduate,20261IEOR4900E025
Spring 2026 Industrial Engineering and Operations Research E4900 MASTERS RESEARCH OR PROJECT,MASTERS RESEARCH OR PROJE,026,https://doc.sis.columbia.edu/subj/IEOR/E4900-20261-026/,13585,1-3,,,"0 students (40 max) as of April 27, 2026",,Karl Sigman,INDEPENDENT,In-Person,"Prerequisite(s): Approval by a faculty member who agrees to supervise the work. Independent work involving experiments, computer programming, analytical investigation, or engineering design.",E4900,School of Engineering and Applied Science: Graduate,Engineering:Graduate,20261IEOR4900E026
Spring 2026 Industrial Engineering and Operations Research E4900 MASTERS RESEARCH OR PROJECT,MASTERS RESEARCH OR PROJE,027,https://doc.sis.columbia.edu/subj/IEOR/E4900-20261-027/,13586,1-3,,,"0 students (40 max) as of April 27, 2026",,Eric Stratman,INDEPENDENT,In-Person,"Prerequisite(s): Approval by a faculty member who agrees to supervise the work. Independent work involving experiments, computer programming, analytical investigation, or engineering design.",E4900,School of Engineering and Applied Science: Graduate,Engineering:Graduate,20261IEOR4900E027
Spring 2026 Industrial Engineering and Operations Research E4900 MASTERS RESEARCH OR PROJECT,MASTERS RESEARCH OR PROJE,028,https://doc.sis.columbia.edu/subj/IEOR/E4900-20261-028/,13587,1-3,,,"0 students (40 max) as of April 27, 2026",,Clifford Stein,INDEPENDENT,In-Person,"Prerequisite(s): Approval by a faculty member who agrees to supervise the work. Independent work involving experiments, computer programming, analytical investigation, or engineering design.",E4900,School of Engineering and Applied Science: Graduate,Engineering:Graduate,20261IEOR4900E028
Spring 2026 Industrial Engineering and Operations Research E4900 MASTERS RESEARCH OR PROJECT,MASTERS RESEARCH OR PROJE,029,https://doc.sis.columbia.edu/subj/IEOR/E4900-20261-029/,13588,1-3,,,"0 students (40 max) as of April 27, 2026",,Wenpin Tang,INDEPENDENT,In-Person,"Prerequisite(s): Approval by a faculty member who agrees to supervise the work. Independent work involving experiments, computer programming, analytical investigation, or engineering design.",E4900,School of Engineering and Applied Science: Graduate,Engineering:Graduate,20261IEOR4900E029
Spring 2026 Industrial Engineering and Operations Research E4900 MASTERS RESEARCH OR PROJECT,MASTERS RESEARCH OR PROJE,030,https://doc.sis.columbia.edu/subj/IEOR/E4900-20261-030/,13589,1-3,,,"0 students (40 max) as of April 27, 2026",,Kaizheng Wang,INDEPENDENT,In-Person,"Prerequisite(s): Approval by a faculty member who agrees to supervise the work. Independent work involving experiments, computer programming, analytical investigation, or engineering design.",E4900,School of Engineering and Applied Science: Graduate,Engineering:Graduate,20261IEOR4900E030
Spring 2026 Industrial Engineering and Operations Research E4900 MASTERS RESEARCH OR PROJECT,MASTERS RESEARCH OR PROJE,031,https://doc.sis.columbia.edu/subj/IEOR/E4900-20261-031/,13590,1-3,,,"0 students (40 max) as of April 27, 2026",,Lily Xu,INDEPENDENT,In-Person,"Prerequisite(s): Approval by a faculty member who agrees to supervise the work. Independent work involving experiments, computer programming, analytical investigation, or engineering design.",E4900,School of Engineering and Applied Science: Graduate,Engineering:Graduate,20261IEOR4900E031
Spring 2026 Industrial Engineering and Operations Research E4900 MASTERS RESEARCH OR PROJECT,MASTERS RESEARCH OR PROJE,032,https://doc.sis.columbia.edu/subj/IEOR/E4900-20261-032/,13591,1-3,,,"0 students (40 max) as of April 27, 2026",,David D Yao,INDEPENDENT,In-Person,"Prerequisite(s): Approval by a faculty member who agrees to supervise the work. Independent work involving experiments, computer programming, analytical investigation, or engineering design.",E4900,School of Engineering and Applied Science: Graduate,Engineering:Graduate,20261IEOR4900E032
Spring 2026 Industrial Engineering and Operations Research E4900 MASTERS RESEARCH OR PROJECT,MASTERS RESEARCH OR PROJE,033,https://doc.sis.columbia.edu/subj/IEOR/E4900-20261-033/,13592,1-3,,,"0 students (20 max) as of April 27, 2026",,Yi Zhang,INDEPENDENT,In-Person,"Prerequisite(s): Approval by a faculty member who agrees to supervise the work. Independent work involving experiments, computer programming, analytical investigation, or engineering design.",E4900,School of Engineering and Applied Science: Graduate,,20261IEOR4900E033
Spring 2026 Industrial Engineering and Operations Research E4900 MASTERS RESEARCH OR PROJECT,MASTERS RESEARCH OR PROJE,034,https://doc.sis.columbia.edu/subj/IEOR/E4900-20261-034/,13593,1-3,,,"0 students (20 max) as of April 27, 2026",,Xunyu Zhou,INDEPENDENT,In-Person,"Prerequisite(s): Approval by a faculty member who agrees to supervise the work. Independent work involving experiments, computer programming, analytical investigation, or engineering design.",E4900,School of Engineering and Applied Science: Graduate,,20261IEOR4900E034
Spring 2026 Industrial Engineering and Operations Research E4900 MASTERS RESEARCH OR PROJECT,MASTERS RESEARCH OR PROJE,035,https://doc.sis.columbia.edu/subj/IEOR/E4900-20261-035/,13594,1-3,,,"0 students (20 max) as of April 27, 2026",,Christine Chan,INDEPENDENT,In-Person,"Prerequisite(s): Approval by a faculty member who agrees to supervise the work. Independent work involving experiments, computer programming, analytical investigation, or engineering design.",E4900,School of Engineering and Applied Science: Graduate,,20261IEOR4900E035
Spring 2026 Industrial Engineering and Operations Research E4900 MASTERS RESEARCH OR PROJECT,MASTERS RESEARCH OR PROJE,036,https://doc.sis.columbia.edu/subj/IEOR/E4900-20261-036/,13595,1-3,,,"0 students (20 max) as of April 27, 2026",,Chris Lee,INDEPENDENT,In-Person,"Prerequisite(s): Approval by a faculty member who agrees to supervise the work. Independent work involving experiments, computer programming, analytical investigation, or engineering design.",E4900,School of Engineering and Applied Science: Graduate,,20261IEOR4900E036
Spring 2026 Industrial Engineering and Operations Research E4998 MANAG TECH INNOV & ENTREPRENEURSHIP,MANAGING TECH INNOVATION,001,https://doc.sis.columbia.edu/subj/IEOR/E4998-20261-001/,13313,3,M 7:00pm-9:30pm,313 Fayerweather,"46 students (45 max) as of April 27, 2026 / Full",,Brandon M Procak,LECTURE,In-Person,"A required course for undergraduate students majoring in OR:EMS. Focus on the management and consequences of technology-based innovation. Explores how new industries are created, how existing industries can be transformed by new technologies, the linkages between technological development and the creation of wealth and the management challenges of pursuing strategic innovation.",E4998,School of Engineering and Applied Science: Graduate,"Engineering:Undergraduate, Engineering:Graduate",20261IEOR4998E001
Spring 2026 Industrial Engineering and Operations Research E4999 FIELDWORK,,001,https://doc.sis.columbia.edu/subj/IEOR/E4999-20261-001/,13323,1-2,,,"2 students (150 max) as of April 27, 2026",MSFE Only. Before registering apply here: https://ieor.colum,,INDEPENDENT,In-Person,Only for IEOR graduate students who need relevant work experience as part of their program of study. Final reports required. May not be taken for pass/fail credit or audited.,E4999,School of Engineering and Applied Science: Graduate,Engineering:Graduate,20261IEOR4999E001
Spring 2026 Industrial Engineering and Operations Research E4999 FIELDWORK,,002,https://doc.sis.columbia.edu/subj/IEOR/E4999-20261-002/,13324,1-2,,,"9 students (150 max) as of April 27, 2026",MSBA & MSE Only. Before registering apply here: https://ieor,,INDEPENDENT,In-Person,Only for IEOR graduate students who need relevant work experience as part of their program of study. Final reports required. May not be taken for pass/fail credit or audited.,E4999,School of Engineering and Applied Science: Graduate,Engineering:Graduate,20261IEOR4999E002
Spring 2026 Industrial Engineering and Operations Research E4999 FIELDWORK,,003,https://doc.sis.columbia.edu/subj/IEOR/E4999-20261-003/,13325,1-2,,,"4 students (150 max) as of April 27, 2026",MSIE & MSOR Only. Before registering apply here: https://ieo,,INDEPENDENT,In-Person,Only for IEOR graduate students who need relevant work experience as part of their program of study. Final reports required. May not be taken for pass/fail credit or audited.,E4999,School of Engineering and Applied Science: Graduate,Engineering:Graduate,20261IEOR4999E003
Spring 2026 Op Research - Computer Science E6529 Advanced Reinforcement Learning,Adv Reinforcement Learnin,001,https://doc.sis.columbia.edu/subj/ORCS/E6529-20261-001/,13322,3,MW 1:10pm-2:25pm,140 Uris Hall,"41 students (50 max) as of April 27, 2026",Students can only count either IEOR 4529 or 6529 towards the,Shipra Agrawal,SEMINAR,In-Person,"Theory of Markov Decision Processes (MDP) and Dynamic Programming. Design and convergence properties of Reinforcement Learning (RL) algorithms including Q-learning and Policy iteration methods.  Function approximation and deep RL algorithms: DQN, policy gradient, actor-critic methods. Exporation-Exploitation and regret bounds in RL. Multi-agent RL. RL with Human Feedback (RLHF). RL and Monte Carlo Tree Search (MCTS) for Agentic Systems. Note: Only one of ORCS E4529 or 6529 may be taken for credit.",E6529,School of Engineering and Applied Science: Graduate,,20261ORCS6529E001
Spring 2026 Industrial Engineering and Operations Research E6614 OPTIMIZATION II,,001,https://doc.sis.columbia.edu/subj/IEOR/E6614-20261-001/,13314,4.5,TR 10:10am-11:25am,825 Seeley W. Mudd Building,"16 students (40 max) as of April 27, 2026",,Clifford Stein,LECTURE,In-Person,"An introduction to combinatorial optimization, network flows and discrete algorithms. Shortest path problems, maximum flow problems. Matching problems, bipartite and cardinality nonbipartite. Introduction to discrete algorithms and complexity theory: NP-completeness and approximation algorithms.",E6614,School of Engineering and Applied Science: Graduate,,20261IEOR6614E001
Spring 2026 Electrical Engineering: Operations Research E6616 CONVEX OPTIMIZATION,,001,https://doc.sis.columbia.edu/subj/EEOR/E6616-20261-001/,13265,3,MW 4:10pm-5:25pm,233 Seeley W. Mudd Building,"17 students (40 max) as of April 27, 2026",,Bento Natura,LECTURE,In-Person,"Convex sets and functions, and operations preserving convexity. Convex optimization problems. Convex duality. Applications of convex optimization problems ranging from signal processing and information theory to revenue management. Convex optimization in Banach spaces. Algorithms for solving constrained convex optimization problems.",E6616,School of Engineering and Applied Science: Graduate,,20261EEOR6616E001
Spring 2026 Industrial Engineering and Operations Research E6712 STOCHASTIC MODELING II,,001,https://doc.sis.columbia.edu/subj/IEOR/E6712-20261-001/,13315,4.5,TR 2:40pm-3:55pm,415 Schapiro [SCEP],"19 students (30 max) as of April 27, 2026",,David D Yao,LECTURE,In-Person,"Continuation of IEOR E6711, covering further topics in stochastic modeling in the context of queueing, reliability, manufacturing, insurance risk, financial engineering, and other engineering applications. Topics from among generalized semi-Markov processes; processes with a non-discrete state space; point processes; stochastic comparisons; martingales; introduction to stochastic calculus.",E6712,School of Engineering and Applied Science: Graduate,,20261IEOR6712E001
Spring 2026 Industrial Engineering and Operations Research E8100 ADVANCED TOPICS IN IEOR,AI & Algo  for  Soc Good,001,https://doc.sis.columbia.edu/subj/IEOR/E8100-20261-001/,13316,3,MW 11:40am-12:55pm,327 Seeley W. Mudd Building,"9 students (26 max) as of April 27, 2026",,Lily Xu,LECTURE,In-Person,Selected topics in IEOR. Content varies from year to year. May be repeated for credit.,E8100,School of Engineering and Applied Science: Graduate,,20261IEOR8100E001
Spring 2026 Industrial Engineering and Operations Research E8100 ADVANCED TOPICS IN IEOR,Log-concave probability,002,https://doc.sis.columbia.edu/subj/IEOR/E8100-20261-002/,13317,3,MW 2:40pm-3:55pm,253 Engineering Terrace,"18 students (28 max) as of April 27, 2026",,Daniel Lacker,LECTURE,In-Person,Selected topics in IEOR. Content varies from year to year. May be repeated for credit.,E8100,School of Engineering and Applied Science: Graduate,,20261IEOR8100E002
Spring 2026 Industrial Engineering and Operations Research E8100 ADVANCED TOPICS IN IEOR,High-dimensional Prob w/Applic,003,https://doc.sis.columbia.edu/subj/IEOR/E8100-20261-003/,13318,3,TR 4:10pm-5:25pm,253 Engineering Terrace,"22 students (25 max) as of April 27, 2026",,Kaizheng Wang,LECTURE,In-Person,Selected topics in IEOR. Content varies from year to year. May be repeated for credit.,E8100,School of Engineering and Applied Science: Graduate,,20261IEOR8100E003
Spring 2026 Industrial Engineering and Operations Research E8100 ADVANCED TOPICS IN IEOR,Dynamic Learning & Opt,004,https://doc.sis.columbia.edu/subj/IEOR/E8100-20261-004/,13319,3,MW 10:10am-11:25am,415 Schapiro [SCEP],"8 students (20 max) as of April 27, 2026",,Vineet Goyal,LECTURE,In-Person,Selected topics in IEOR. Content varies from year to year. May be repeated for credit.,E8100,School of Engineering and Applied Science: Graduate,,20261IEOR8100E004
Spring 2026 Industrial Engineering and Operations Research E8100 ADVANCED TOPICS IN IEOR,Exploring Diffusion Model,005,https://doc.sis.columbia.edu/subj/IEOR/E8100-20261-005/,13320,3,TR 11:40am-12:55pm,337 Seeley W. Mudd Building,"13 students (20 max) as of April 27, 2026",Title: GenAI: model alignment in search of a theory(GenAI: M,Wenpin Tang,LECTURE,In-Person,Selected topics in IEOR. Content varies from year to year. May be repeated for credit.,E8100,School of Engineering and Applied Science: Graduate,,20261IEOR8100E005
Spring 2026 Industrial Engineering and Operations Research E8100 ADVANCED TOPICS IN IEOR,Healthcare Apps of ML,006,https://doc.sis.columbia.edu/subj/IEOR/E8100-20261-006/,19647,3,R 2:40pm-5:10pm,233 Seeley W. Mudd Building,"4 students (20 max) as of April 27, 2026",,Rachel Cummings,LECTURE,In-Person,Selected topics in IEOR. Content varies from year to year. May be repeated for credit.,E8100,School of Engineering and Applied Science: Graduate,,20261IEOR8100E006
Spring 2026 Industrial Engineering and Operations Research E9101 RESEARCH,,001,https://doc.sis.columbia.edu/subj/IEOR/E9101-20261-001/,13596,1-6,,,"1 student (20 max) as of April 27, 2026",,Anish Agarwal,INDEPENDENT,In-Person,"Before registering, the student must submit an outline of the proposed work for approval by the supervisor and the chair of the Department. Advanced study in a specialized field under the supervision of a member of the department staff. May be repeated for credit.",E9101,School of Engineering and Applied Science: Graduate,,20261IEOR9101E001
Spring 2026 Industrial Engineering and Operations Research E9101 RESEARCH,,002,https://doc.sis.columbia.edu/subj/IEOR/E9101-20261-002/,13597,1-6,,,"0 students (20 max) as of April 27, 2026",,Shipra Agrawal,INDEPENDENT,In-Person,"Before registering, the student must submit an outline of the proposed work for approval by the supervisor and the chair of the Department. Advanced study in a specialized field under the supervision of a member of the department staff. May be repeated for credit.",E9101,School of Engineering and Applied Science: Graduate,,20261IEOR9101E002
Spring 2026 Industrial Engineering and Operations Research E9101 RESEARCH,,003,https://doc.sis.columbia.edu/subj/IEOR/E9101-20261-003/,13598,1-6,,,"1 student (20 max) as of April 27, 2026",,Eric Balkanski,INDEPENDENT,In-Person,"Before registering, the student must submit an outline of the proposed work for approval by the supervisor and the chair of the Department. Advanced study in a specialized field under the supervision of a member of the department staff. May be repeated for credit.",E9101,School of Engineering and Applied Science: Graduate,,20261IEOR9101E003
Spring 2026 Industrial Engineering and Operations Research E9101 RESEARCH,,004,https://doc.sis.columbia.edu/subj/IEOR/E9101-20261-004/,13599,1-6,,,"0 students (20 max) as of April 27, 2026",,Daniel Bienstock,INDEPENDENT,In-Person,"Before registering, the student must submit an outline of the proposed work for approval by the supervisor and the chair of the Department. Advanced study in a specialized field under the supervision of a member of the department staff. May be repeated for credit.",E9101,School of Engineering and Applied Science: Graduate,,20261IEOR9101E004
Spring 2026 Industrial Engineering and Operations Research E9101 RESEARCH,,005,https://doc.sis.columbia.edu/subj/IEOR/E9101-20261-005/,13600,1-6,,,"2 students (20 max) as of April 27, 2026",,Agostino Capponi,INDEPENDENT,In-Person,"Before registering, the student must submit an outline of the proposed work for approval by the supervisor and the chair of the Department. Advanced study in a specialized field under the supervision of a member of the department staff. May be repeated for credit.",E9101,School of Engineering and Applied Science: Graduate,,20261IEOR9101E005
Spring 2026 Industrial Engineering and Operations Research E9101 RESEARCH,,006,https://doc.sis.columbia.edu/subj/IEOR/E9101-20261-006/,13601,1-6,,,"0 students (20 max) as of April 27, 2026",,Rachel Cummings,INDEPENDENT,In-Person,"Before registering, the student must submit an outline of the proposed work for approval by the supervisor and the chair of the Department. Advanced study in a specialized field under the supervision of a member of the department staff. May be repeated for credit.",E9101,School of Engineering and Applied Science: Graduate,,20261IEOR9101E006
Spring 2026 Industrial Engineering and Operations Research E9101 RESEARCH,,007,https://doc.sis.columbia.edu/subj/IEOR/E9101-20261-007/,13602,1-6,,,"0 students (20 max) as of April 27, 2026",,Antonius B Dieker,INDEPENDENT,In-Person,"Before registering, the student must submit an outline of the proposed work for approval by the supervisor and the chair of the Department. Advanced study in a specialized field under the supervision of a member of the department staff. May be repeated for credit.",E9101,School of Engineering and Applied Science: Graduate,,20261IEOR9101E007
Spring 2026 Industrial Engineering and Operations Research E9101 RESEARCH,,008,https://doc.sis.columbia.edu/subj/IEOR/E9101-20261-008/,13603,1-6,,,"1 student (20 max) as of April 27, 2026",,Adam N Elmachtoub,INDEPENDENT,In-Person,"Before registering, the student must submit an outline of the proposed work for approval by the supervisor and the chair of the Department. Advanced study in a specialized field under the supervision of a member of the department staff. May be repeated for credit.",E9101,School of Engineering and Applied Science: Graduate,,20261IEOR9101E008
Spring 2026 Industrial Engineering and Operations Research E9101 RESEARCH,,009,https://doc.sis.columbia.edu/subj/IEOR/E9101-20261-009/,13604,1-6,,,"0 students (20 max) as of April 27, 2026",,Yuri Faenza,INDEPENDENT,In-Person,"Before registering, the student must submit an outline of the proposed work for approval by the supervisor and the chair of the Department. Advanced study in a specialized field under the supervision of a member of the department staff. May be repeated for credit.",E9101,School of Engineering and Applied Science: Graduate,,20261IEOR9101E009
Spring 2026 Industrial Engineering and Operations Research E9101 RESEARCH,,010,https://doc.sis.columbia.edu/subj/IEOR/E9101-20261-010/,13605,1-6,,,"0 students (20 max) as of April 27, 2026",,Vineet Goyal,INDEPENDENT,In-Person,"Before registering, the student must submit an outline of the proposed work for approval by the supervisor and the chair of the Department. Advanced study in a specialized field under the supervision of a member of the department staff. May be repeated for credit.",E9101,School of Engineering and Applied Science: Graduate,,20261IEOR9101E010
Spring 2026 Industrial Engineering and Operations Research E9101 RESEARCH,,011,https://doc.sis.columbia.edu/subj/IEOR/E9101-20261-011/,13606,1-6,,,"0 students (20 max) as of April 27, 2026",,Ali Hirsa,INDEPENDENT,In-Person,"Before registering, the student must submit an outline of the proposed work for approval by the supervisor and the chair of the Department. Advanced study in a specialized field under the supervision of a member of the department staff. May be repeated for credit.",E9101,School of Engineering and Applied Science: Graduate,,20261IEOR9101E011
Spring 2026 Industrial Engineering and Operations Research E9101 RESEARCH,,012,https://doc.sis.columbia.edu/subj/IEOR/E9101-20261-012/,13607,1-6,,,"0 students (20 max) as of April 27, 2026",,Anran Hu,INDEPENDENT,In-Person,"Before registering, the student must submit an outline of the proposed work for approval by the supervisor and the chair of the Department. Advanced study in a specialized field under the supervision of a member of the department staff. May be repeated for credit.",E9101,School of Engineering and Applied Science: Graduate,,20261IEOR9101E012
Spring 2026 Industrial Engineering and Operations Research E9101 RESEARCH,,013,https://doc.sis.columbia.edu/subj/IEOR/E9101-20261-013/,13608,1-6,,,"0 students (20 max) as of April 27, 2026",,Garud Iyengar,INDEPENDENT,In-Person,"Before registering, the student must submit an outline of the proposed work for approval by the supervisor and the chair of the Department. Advanced study in a specialized field under the supervision of a member of the department staff. May be repeated for credit.",E9101,School of Engineering and Applied Science: Graduate,,20261IEOR9101E013
Spring 2026 Industrial Engineering and Operations Research E9101 RESEARCH,,014,https://doc.sis.columbia.edu/subj/IEOR/E9101-20261-014/,13609,1-6,,,"0 students (20 max) as of April 27, 2026",,Hardeep Johar,INDEPENDENT,In-Person,"Before registering, the student must submit an outline of the proposed work for approval by the supervisor and the chair of the Department. Advanced study in a specialized field under the supervision of a member of the department staff. May be repeated for credit.",E9101,School of Engineering and Applied Science: Graduate,,20261IEOR9101E014
Spring 2026 Industrial Engineering and Operations Research E9101 RESEARCH,,015,https://doc.sis.columbia.edu/subj/IEOR/E9101-20261-015/,13610,1-6,,,"0 students (20 max) as of April 27, 2026",,Cedric Josz,INDEPENDENT,In-Person,"Before registering, the student must submit an outline of the proposed work for approval by the supervisor and the chair of the Department. Advanced study in a specialized field under the supervision of a member of the department staff. May be repeated for credit.",E9101,School of Engineering and Applied Science: Graduate,,20261IEOR9101E015
Spring 2026 Industrial Engineering and Operations Research E9101 RESEARCH,,016,https://doc.sis.columbia.edu/subj/IEOR/E9101-20261-016/,13611,1-6,,,"0 students (20 max) as of April 27, 2026",,Soulaymane Kachani,INDEPENDENT,In-Person,"Before registering, the student must submit an outline of the proposed work for approval by the supervisor and the chair of the Department. Advanced study in a specialized field under the supervision of a member of the department staff. May be repeated for credit.",E9101,School of Engineering and Applied Science: Graduate,,20261IEOR9101E016
Spring 2026 Industrial Engineering and Operations Research E9101 RESEARCH,,017,https://doc.sis.columbia.edu/subj/IEOR/E9101-20261-017/,13612,1-6,,,"0 students (20 max) as of April 27, 2026",,Yaren Kaya,INDEPENDENT,In-Person,"Before registering, the student must submit an outline of the proposed work for approval by the supervisor and the chair of the Department. Advanced study in a specialized field under the supervision of a member of the department staff. May be repeated for credit.",E9101,School of Engineering and Applied Science: Graduate,,20261IEOR9101E017
Spring 2026 Industrial Engineering and Operations Research E9101 RESEARCH,,018,https://doc.sis.columbia.edu/subj/IEOR/E9101-20261-018/,13613,1-6,,,"3 students (20 max) as of April 27, 2026",,Christian Kroer,INDEPENDENT,In-Person,"Before registering, the student must submit an outline of the proposed work for approval by the supervisor and the chair of the Department. Advanced study in a specialized field under the supervision of a member of the department staff. May be repeated for credit.",E9101,School of Engineering and Applied Science: Graduate,,20261IEOR9101E018
Spring 2026 Industrial Engineering and Operations Research E9101 RESEARCH,,019,https://doc.sis.columbia.edu/subj/IEOR/E9101-20261-019/,13614,1-6,,,"0 students (20 max) as of April 27, 2026",,Daniel Lacker,INDEPENDENT,In-Person,"Before registering, the student must submit an outline of the proposed work for approval by the supervisor and the chair of the Department. Advanced study in a specialized field under the supervision of a member of the department staff. May be repeated for credit.",E9101,School of Engineering and Applied Science: Graduate,,20261IEOR9101E019
Spring 2026 Industrial Engineering and Operations Research E9101 RESEARCH,,020,https://doc.sis.columbia.edu/subj/IEOR/E9101-20261-020/,13615,1-6,,,"2 students (20 max) as of April 27, 2026",,Henry Lam,INDEPENDENT,In-Person,"Before registering, the student must submit an outline of the proposed work for approval by the supervisor and the chair of the Department. Advanced study in a specialized field under the supervision of a member of the department staff. May be repeated for credit.",E9101,School of Engineering and Applied Science: Graduate,,20261IEOR9101E020
Spring 2026 Industrial Engineering and Operations Research E9101 RESEARCH,,021,https://doc.sis.columbia.edu/subj/IEOR/E9101-20261-021/,13616,1-6,,,"0 students (20 max) as of April 27, 2026",,Fabrizio Lecci,INDEPENDENT,In-Person,"Before registering, the student must submit an outline of the proposed work for approval by the supervisor and the chair of the Department. Advanced study in a specialized field under the supervision of a member of the department staff. May be repeated for credit.",E9101,School of Engineering and Applied Science: Graduate,,20261IEOR9101E021
Spring 2026 Industrial Engineering and Operations Research E9101 RESEARCH,,022,https://doc.sis.columbia.edu/subj/IEOR/E9101-20261-022/,13617,1-6,,,"0 students (20 max) as of April 27, 2026",,Tianyi Lin,INDEPENDENT,In-Person,"Before registering, the student must submit an outline of the proposed work for approval by the supervisor and the chair of the Department. Advanced study in a specialized field under the supervision of a member of the department staff. May be repeated for credit.",E9101,School of Engineering and Applied Science: Graduate,,20261IEOR9101E022
Spring 2026 Industrial Engineering and Operations Research E9101 RESEARCH,,023,https://doc.sis.columbia.edu/subj/IEOR/E9101-20261-023/,13618,1-6,,,"0 students (20 max) as of April 27, 2026",,Uday Menon,INDEPENDENT,In-Person,"Before registering, the student must submit an outline of the proposed work for approval by the supervisor and the chair of the Department. Advanced study in a specialized field under the supervision of a member of the department staff. May be repeated for credit.",E9101,School of Engineering and Applied Science: Graduate,,20261IEOR9101E023
Spring 2026 Industrial Engineering and Operations Research E9101 RESEARCH,,024,https://doc.sis.columbia.edu/subj/IEOR/E9101-20261-024/,13619,1-6,,,"1 student (20 max) as of April 27, 2026",,Bento Natura,INDEPENDENT,In-Person,"Before registering, the student must submit an outline of the proposed work for approval by the supervisor and the chair of the Department. Advanced study in a specialized field under the supervision of a member of the department staff. May be repeated for credit.",E9101,School of Engineering and Applied Science: Graduate,,20261IEOR9101E024
Spring 2026 Industrial Engineering and Operations Research E9101 RESEARCH,,025,https://doc.sis.columbia.edu/subj/IEOR/E9101-20261-025/,13620,1-6,,,"0 students (20 max) as of April 27, 2026",,Jay Sethuraman,INDEPENDENT,In-Person,"Before registering, the student must submit an outline of the proposed work for approval by the supervisor and the chair of the Department. Advanced study in a specialized field under the supervision of a member of the department staff. May be repeated for credit.",E9101,School of Engineering and Applied Science: Graduate,,20261IEOR9101E025
Spring 2026 Industrial Engineering and Operations Research E9101 RESEARCH,,026,https://doc.sis.columbia.edu/subj/IEOR/E9101-20261-026/,13621,1-6,,,"0 students (20 max) as of April 27, 2026",,Karl Sigman,INDEPENDENT,In-Person,"Before registering, the student must submit an outline of the proposed work for approval by the supervisor and the chair of the Department. Advanced study in a specialized field under the supervision of a member of the department staff. May be repeated for credit.",E9101,School of Engineering and Applied Science: Graduate,,20261IEOR9101E026
Spring 2026 Industrial Engineering and Operations Research E9101 RESEARCH,,027,https://doc.sis.columbia.edu/subj/IEOR/E9101-20261-027/,13622,1-6,,,"0 students (20 max) as of April 27, 2026",,Eric Stratman,INDEPENDENT,In-Person,"Before registering, the student must submit an outline of the proposed work for approval by the supervisor and the chair of the Department. Advanced study in a specialized field under the supervision of a member of the department staff. May be repeated for credit.",E9101,School of Engineering and Applied Science: Graduate,,20261IEOR9101E027
Spring 2026 Industrial Engineering and Operations Research E9101 RESEARCH,,028,https://doc.sis.columbia.edu/subj/IEOR/E9101-20261-028/,13623,1-6,,,"1 student (20 max) as of April 27, 2026",,Clifford Stein,INDEPENDENT,In-Person,"Before registering, the student must submit an outline of the proposed work for approval by the supervisor and the chair of the Department. Advanced study in a specialized field under the supervision of a member of the department staff. May be repeated for credit.",E9101,School of Engineering and Applied Science: Graduate,,20261IEOR9101E028
Spring 2026 Industrial Engineering and Operations Research E9101 RESEARCH,,029,https://doc.sis.columbia.edu/subj/IEOR/E9101-20261-029/,13624,1-6,,,"2 students (20 max) as of April 27, 2026",,Wenpin Tang,INDEPENDENT,In-Person,"Before registering, the student must submit an outline of the proposed work for approval by the supervisor and the chair of the Department. Advanced study in a specialized field under the supervision of a member of the department staff. May be repeated for credit.",E9101,School of Engineering and Applied Science: Graduate,,20261IEOR9101E029
Spring 2026 Industrial Engineering and Operations Research E9101 RESEARCH,,030,https://doc.sis.columbia.edu/subj/IEOR/E9101-20261-030/,13625,1-6,,,"1 student (20 max) as of April 27, 2026",,Kaizheng Wang,INDEPENDENT,In-Person,"Before registering, the student must submit an outline of the proposed work for approval by the supervisor and the chair of the Department. Advanced study in a specialized field under the supervision of a member of the department staff. May be repeated for credit.",E9101,School of Engineering and Applied Science: Graduate,,20261IEOR9101E030
Spring 2026 Industrial Engineering and Operations Research E9101 RESEARCH,,031,https://doc.sis.columbia.edu/subj/IEOR/E9101-20261-031/,13626,1-6,,,"2 students (20 max) as of April 27, 2026",,Lily Xu,INDEPENDENT,In-Person,"Before registering, the student must submit an outline of the proposed work for approval by the supervisor and the chair of the Department. Advanced study in a specialized field under the supervision of a member of the department staff. May be repeated for credit.",E9101,School of Engineering and Applied Science: Graduate,,20261IEOR9101E031
Spring 2026 Industrial Engineering and Operations Research E9101 RESEARCH,,032,https://doc.sis.columbia.edu/subj/IEOR/E9101-20261-032/,13627,1-6,,,"0 students (20 max) as of April 27, 2026",,David D Yao,INDEPENDENT,In-Person,"Before registering, the student must submit an outline of the proposed work for approval by the supervisor and the chair of the Department. Advanced study in a specialized field under the supervision of a member of the department staff. May be repeated for credit.",E9101,School of Engineering and Applied Science: Graduate,,20261IEOR9101E032
Spring 2026 Industrial Engineering and Operations Research E9101 RESEARCH,,033,https://doc.sis.columbia.edu/subj/IEOR/E9101-20261-033/,13628,1-6,,,"0 students (20 max) as of April 27, 2026",,Yi Zhang,INDEPENDENT,In-Person,"Before registering, the student must submit an outline of the proposed work for approval by the supervisor and the chair of the Department. Advanced study in a specialized field under the supervision of a member of the department staff. May be repeated for credit.",E9101,School of Engineering and Applied Science: Graduate,,20261IEOR9101E033
Spring 2026 Industrial Engineering and Operations Research E9101 RESEARCH,,034,https://doc.sis.columbia.edu/subj/IEOR/E9101-20261-034/,13629,1-6,,,"1 student (20 max) as of April 27, 2026",,Xunyu Zhou,INDEPENDENT,In-Person,"Before registering, the student must submit an outline of the proposed work for approval by the supervisor and the chair of the Department. Advanced study in a specialized field under the supervision of a member of the department staff. May be repeated for credit.",E9101,School of Engineering and Applied Science: Graduate,,20261IEOR9101E034
Spring 2026 Industrial Engineering and Operations Research E9101 RESEARCH,,035,https://doc.sis.columbia.edu/subj/IEOR/E9101-20261-035/,13630,1-6,,,"0 students (20 max) as of April 27, 2026",,Christine Chan,INDEPENDENT,In-Person,"Before registering, the student must submit an outline of the proposed work for approval by the supervisor and the chair of the Department. Advanced study in a specialized field under the supervision of a member of the department staff. May be repeated for credit.",E9101,School of Engineering and Applied Science: Graduate,,20261IEOR9101E035
Spring 2026 Industrial Engineering and Operations Research E9101 RESEARCH,,036,https://doc.sis.columbia.edu/subj/IEOR/E9101-20261-036/,13631,1-6,,,"2 students (20 max) as of April 27, 2026",,Winsor Yang,INDEPENDENT,In-Person,"Before registering, the student must submit an outline of the proposed work for approval by the supervisor and the chair of the Department. Advanced study in a specialized field under the supervision of a member of the department staff. May be repeated for credit.",E9101,School of Engineering and Applied Science: Graduate,,20261IEOR9101E036
